date,ipcucst,ipcuhsho,ipcuhsro,ipcuhsrr,ipcums,irdecs,irers,iusxegm
1982-12-01,6.863,13.49,,6.029,5.019,,,42.431
1983-01-01,6.869995834667705,13.556649979550103,,6.053696422840963,5.065477801014703,,,42.606964689561245
1983-02-01,6.855975435005118,13.569699856996936,,6.072171436054582,5.111834253620573,,,42.694677425522315
1983-03-01,6.855975435005118,13.556251195097037,,6.084500718158246,5.122140371067389,,,42.738421972064856
1983-04-01,6.828162147236333,13.580188722109533,,6.065787969001923,5.096009241638344,,,42.652175117623976
1983-05-01,6.79377404496979,13.524595322580646,,6.041267444168735,5.0753576625361285,,,42.48054081462455
1983-06-01,6.780180731703554,13.523514854271356,,6.047314612034531,5.070195467554042,,,42.48158213196281
1983-07-01,6.773621375725778,13.535263743743744,,6.053307264187264,5.085243645293079,,,42.48296082638998
1983-08-01,6.7875525264721315,13.534158882235527,,6.059276139004042,5.105261789500299,,,42.52672805371676
1983-09-01,6.7878922628600815,13.532332075471695,,6.065149744608253,5.094942250794388,,,42.61326999729915
1983-10-01,6.822034962554598,13.531244673267327,,6.071036165524244,5.104783236634684,,,42.69870538871881
1983-11-01,6.855975435005119,13.556543557312253,,6.076928930779366,5.1246048774133675,,,42.783592971212045
1983-12-01,6.865,13.582,,6.088,5.133,,,42.863
1984-01-01,6.898611901485193,13.540789279291545,,6.075840578902994,5.152269716321035,,,42.947127576054946
1984-02-01,6.871624763082468,13.513244678902508,,6.0638522581335605,5.181289126909554,,,42.90485839843749
1984-03-01,6.8782830864966495,13.538232864191315,,6.08143922973339,5.1810203061809075,,,42.94655360623781
1984-04-01,6.8582297830374745,13.561968537073218,,6.092916936988578,5.170569336974735,,,42.94614839961203
1984-05-01,6.878127935212632,13.560819958723961,,6.09274712230352,5.165322780084311,,,42.9459071566731
1984-06-01,6.8979109582527345,13.559678025958206,,6.104216453075728,5.16497001628401,,,42.987000964320146
1984-07-01,6.910934718930176,13.621403400300597,,6.115541581837425,5.179037075445065,,,43.06887415946206
1984-08-01,6.936984574804412,13.619660581030654,,6.126780011048793,5.183344034453474,,,43.150120574162685
1984-09-01,6.917014609749224,13.630039865117338,,6.126340046593979,5.173071112650686,,,43.230397142857136
1984-10-01,6.962438402722755,13.641221487024996,,6.143270060566865,5.187070249612442,,,43.31076163342831
1984-11-01,6.995003596374406,13.678731720261549,,6.166192710046591,5.215807480912235,,,43.43287844254512
1984-12-01,7.012,13.728,,6.198,5.223,,,43.544
1985-01-01,7.037697120754068,13.726933416206975,,6.209119923609954,5.251324782255508,,,43.62392485095451
1985-02-01,7.010968118988806,13.749124899474175,,6.213974338227601,5.259844537640732,,,43.620284542408754
1985-03-01,7.010384568663999,13.72218340934303,,6.207620712478979,5.277973548100315,,,43.61739692923898
1985-04-01,6.9904215795357105,13.707263475900563,,6.2067987252930426,5.267434141401844,,,43.57373157199933
1985-05-01,6.977140872310212,13.803400913632682,,6.234254199447711,5.266590326000325,,,43.69085210302149
1985-06-01,6.970430895403382,13.801622036687183,,6.2449016312899825,5.275331619979624,,,43.76816468748915
1985-07-01,6.995656869990335,13.861505520240883,,6.261292722197265,5.302954979942148,,,43.88571994520833
1985-08-01,6.989049860724232,13.933357377049177,,6.28879325323475,5.325808363886343,,,44.042517757009335
1985-09-01,6.963359285179669,13.931230007719906,,6.299220787399962,5.334329119387789,,,44.11835648639553
1985-10-01,7.019726563360862,13.94052344398027,,6.325982549607443,5.342525225627089,,,44.23196442579679
1985-11-01,7.0758822928113245,13.998781651376145,,6.3528422662755,5.364819784895601,,,44.3461086307125
1985-12-01,7.084,14.015,,6.354,5.378,,,44.36
1986-01-01,7.120876290291325,14.024708754887623,,6.358628889826049,5.413919601516244,,,44.51237861978612
1986-02-01,7.18430442477876,14.099355116079106,,6.381602085143353,5.479558798283262,,,44.79144120247569
1986-03-01,7.242511875325351,14.273104946164839,,6.4442040201614965,5.55111583091391,,,45.23369727466583
1986-04-01,7.27477813849639,14.396417838067235,,6.522743797130528,5.589215265691319,,,45.59332375886006
1986-05-01,7.254737427371054,14.380948273479735,,6.5158561940389585,5.596984304220511,,,45.54645430269254
1986-06-01,7.258788475370753,14.31417727731383,,6.502194208728563,5.59396316146354,,,45.45348584717126
1986-07-01,7.296333933001979,14.362292158918246,,6.546276881330113,5.630826180649461,,,45.649237293541496
1986-08-01,7.283031592194319,14.39614143866137,,6.54534258585337,5.65735612927962,,,45.72232735045422
1986-09-01,7.23133350143745,14.426441695939378,,6.548497015930281,5.663737798618198,,,45.78718699703618
1986-10-01,7.3117481077351405,14.4850112801092,,6.575382236109877,5.695198603885619,,,46.0177398350131
1986-11-01,7.3796039085545715,14.4957521192381,,6.59128792543346,5.726602414940597,,,46.13138161688386
1986-12-01,6.658,19.1,,6.058,4.663,,,50.471
1987-01-01,6.660379932873785,19.042199628455133,,6.044781768128543,4.666823049913292,,,50.36401496659815
1987-02-01,6.636507603365277,19.05171009892002,,6.042977766206176,4.679480579008449,,,50.35147702252944
1987-03-01,6.612398792172262,19.044148933048504,,6.020967575662694,4.680548748595732,,,50.29412316808971
1987-04-01,6.60450918311658,19.035164094241818,,5.99874674603501,4.681090598945814,,,50.275871910254786
1987-05-01,6.581151060453037,19.044573313672114,,5.992229866027253,4.675408059693304,,,50.22237438423645
1987-06-01,6.5796547066521684,18.99274794226757,,5.971111875309975,4.680600296489439,,,50.1279623662681
1987-07-01,6.583949327529029,18.973182695865326,,5.989457148593443,4.697077707544255,,,50.24291112226964
1987-08-01,6.565562951692659,19.025390625,,5.996795416917518,4.69394165401027,,,50.2661663961039
1987-09-01,6.558075495724941,19.01668335240275,,5.994419781169018,4.687273857701221,,,50.20767304347826
1987-10-01,6.589068400788193,19.147843725749762,,5.998047362768016,4.692853964028672,,,50.361565915004334
1987-11-01,6.642043356562221,19.17637201552951,,5.9928497480689105,4.70654792434464,,,50.43976021292399
1987-12-01,6.646,19.263,,6.03,4.715,,,50.567
1988-01-01,6.655367692779384,19.303113907195335,,6.033518764210099,4.752389218276876,,,50.76023070531116
1988-02-01,6.643461814357669,19.313077572737072,,6.032243205029651,4.782515545825431,,,50.831146555882036
1988-03-01,6.625516114054245,19.260003074034334,,6.011109373718598,4.7901463561358515,,,50.774046753515584
1988-04-01,6.612593859359344,19.20581039843083,,5.989772011509572,4.7831102047277945,,,50.674123766753354
1988-05-01,6.6372297585465,19.214330186170216,,5.983526751592358,4.787765024290915,,,50.66130501607718
1988-06-01,6.656052985825829,19.19178403601695,,5.976953511281441,4.791801751114403,,,50.645403790397296
1988-07-01,6.653940036979092,19.21339472705696,,5.975111102152705,4.8096451181084845,,,50.66922208202748
1988-08-01,6.662189859314513,19.24941776391807,,5.977939891880321,4.8101103519026305,,,50.77167822961983
1988-09-01,6.643390945851434,19.236846015494578,,5.970392812330529,4.795102557263865,,,50.62841416696639
1988-10-01,6.6878544480440585,19.230622895434692,,5.9643523268014045,4.803024148398738,,,50.69408641144717
1988-11-01,6.733461253233956,19.330127271664594,,5.977816049049353,4.8228904315448515,,,50.80791881095761
1988-12-01,6.748,19.33,,5.983,4.828,,,50.849
1989-01-01,6.760312952615159,19.291600701006374,,5.971660670728418,4.858247890927015,,,50.90700048559466
1989-02-01,6.778073989501575,19.255129346716906,,5.965334822783082,4.892217427487853,,,50.9291751884017
1989-03-01,6.7594110732781925,19.18752749165723,,5.940253622755751,4.891034742258002,,,50.90620853936608
1989-04-01,6.725483857280168,19.11927260050001,,5.915154130641243,4.8759016458198445,,,50.65160535390618
1989-05-01,6.722260685166548,19.123409910382026,,5.8951367439486715,4.864890437986205,,,50.554692292562976
1989-06-01,6.725850523466157,19.119170270541485,,5.907677999505744,4.886166990066322,,,50.62150840106963
1989-07-01,6.704682521523449,19.18476463310243,,5.924613363205647,4.920523839305339,,,50.83885939492719
1989-08-01,6.703800916908369,19.265492858279977,,5.937340781816186,4.948820558415543,,,50.98317859416597
1989-09-01,6.692197462528388,19.315008799403426,,5.936074149116064,4.962503520789287,,,50.97016545788668
1989-10-01,6.719038329869767,19.34720343098838,,5.943013400397538,4.971439708146494,,,50.988155124925626
1989-11-01,6.747030284299749,19.38388020865725,,5.950859746794638,5.001927567602059,,,51.05298308533839
1989-12-01,6.768,19.428,,5.955,5.01,,,51.127
1990-01-01,6.7762714020673185,19.2570313504125,,5.9072846599894575,5.010364923386614,,,50.936530582560295
1990-02-01,6.787803327922078,19.153189820478723,,5.8882534594095945,5.034921986534718,,,50.88092226306819
1990-03-01,6.789160173160174,19.22452026649474,,5.877757463938276,5.048947948007,,,51.004933700642795
1990-04-01,6.802511400159189,19.23512994074245,,5.890134432996773,5.069738671300964,,,51.034921639607866
1990-05-01,6.7914820473644015,19.257706923127596,,5.889325805696138,5.092871245803557,,,51.061583917253024
1990-06-01,6.773845455545225,19.34119086039998,,5.883187262981174,5.096987274691909,,,51.1112851295402
1990-07-01,6.790370966456857,19.41359785276073,,5.894628327824688,5.137178242556224,,,51.34679192191857
1990-08-01,6.737810760667903,19.368602813166913,,5.870356032481297,5.140178830309927,,,51.30613521967395
1990-09-01,6.737641511465174,19.286609738812555,,5.846751961114185,5.1222854535683044,,,51.05750903062274
1990-10-01,6.784902534169949,19.197064467288232,,5.8324713711182055,5.134583030135108,,,50.962279494450115
1990-11-01,6.847925455710208,19.154021721845876,,5.8276779160392485,5.165967035557248,,,50.98818800652261
1990-12-01,6.899,19.163,,5.84,5.184,,,51.093
1991-01-01,6.88999952154532,19.100692648344456,,5.80940405622139,5.207977482668343,,,51.24218097518024
1991-02-01,6.90716825222552,19.12386543719827,,5.813109375887212,5.251918694712562,,,51.44441996373229
1991-03-01,6.87414315851852,19.108392730008276,,5.8250079533821575,5.274486095688128,,,51.54186458161866
1991-04-01,6.8002504082840245,19.13148556966184,,5.836871327985105,5.287895790882751,,,51.46561921981153
1991-05-01,6.775652392330385,19.126258698270238,,5.831905320396633,5.290425521015739,,,51.34838126843659
1991-06-01,6.782873597058824,19.133826967422042,,5.822896568974862,5.30499032000278,,,51.404214624183005
1991-07-01,6.809059732745963,19.182204209031884,,5.842807893923453,5.3393132124763545,,,51.67298827976288
1991-08-01,6.825161508052711,19.176867084460515,,5.825698646796299,5.365667903061353,,,51.727625860853536
1991-09-01,6.795313862973763,19.20687800501766,,5.83654889838896,5.36609199602548,,,51.706460506424804
1991-10-01,6.80781671033479,19.242092069667958,,5.828053194024492,5.39108080795054,,,51.80182160763385
1991-11-01,6.832713526850507,19.26182290328825,,5.827210832573014,5.408136314732309,,,51.75353144654088
1991-12-01,6.864,19.303,,5.835,5.433,,,51.876
1992-01-01,6.889734377274633,19.312789760986004,,5.834575152153489,5.478552123457298,,,52.106581895276655
1992-02-01,6.860436347863805,19.26819126974708,,5.821523499457385,5.512015847755453,,,52.1216786885246
1992-03-01,6.861329471037686,19.24620561357703,,5.824095269737117,5.513739578637169,,,52.095486890188646
1992-04-01,6.873565546624132,19.23106784206931,,5.807800305103824,5.526400659984471,,,52.05442490957166
1992-05-01,6.837275272926604,19.22841093746204,,5.8034524468015904,5.54195929500383,,,51.979901752936634
1992-06-01,6.76018030938236,19.246588173646007,,5.794613406467739,5.545581561742057,,,51.96181904632727
1992-07-01,6.789577766921281,19.254959074268513,,5.7980174847798605,5.574579875328033,,,52.11796896050406
1992-08-01,6.761561368893068,19.249622696410807,,5.781557534503693,5.590751255992656,,,52.13647547452559
1992-09-01,6.724986823257042,19.219723155831993,,5.773034572710311,5.595228738379629,,,52.05528164560928
1992-10-01,6.827221361562877,19.24997925175016,,5.783942871463708,5.613074087305138,,,52.16946302018544
1992-11-01,6.886995944175136,19.271810886533302,,5.799211864160168,5.63403121397972,,,52.195089503578856
1992-12-01,6.904,19.303,,5.801,5.648,,,52.273
1993-01-01,6.930524931811936,19.293452416821765,,5.784177659558404,5.674868567101766,,,52.37808209245671
1993-02-01,6.953612749280996,19.262429915531435,,5.7717094602029855,5.700853219465559,,,52.45719205978156
1993-03-01,6.916544974174496,19.219535690077,,5.751612978795594,5.698123502571902,,,52.40514639582139
1993-04-01,6.89305890912898,19.22641899688424,,5.758717307368776,5.7107495398773,,,52.32469751237885
1993-05-01,6.909103572648264,19.223827598709015,,5.758413188371169,5.739768045403879,,,52.3496710873541
1993-06-01,6.891010972452288,19.281347329450302,,5.765782276780889,5.748843430824397,,,52.43951606061614
1993-07-01,6.933626995782236,19.305388909661584,,5.769618459267102,5.7828938361402376,,,52.66680808069312
1993-08-01,6.927222819900609,19.31199702355944,,5.768982627915798,5.786726858285598,,,52.71560321049655
1993-09-01,6.912900512209567,19.331882697916473,,5.764690379215893,5.788881795081031,,,52.703552542341875
1993-10-01,6.935115777928768,19.288013628973545,,5.756158908910529,5.798789478338127,,,52.64741950755195
1993-11-01,7.014772814690738,19.322405995243233,,5.759809619549263,5.8116739798194015,,,52.707785673965866
1993-12-01,7.046,19.386,,5.771,5.821,,,52.839
1994-01-01,7.035142576589766,19.380461459345177,,5.766577116668122,5.841513253508652,,,52.951010322780476
1994-02-01,7.027947744323592,19.409085181109724,,5.769578209752139,5.86071218965972,,,53.05820147941257
1994-03-01,7.045891016164328,19.390336015115906,,5.765032762544007,5.857508801671112,,,53.06910182692053
1994-04-01,7.023803192220173,19.387583406398875,,5.7609684359934725,5.87736312467774,,,52.997094904495945
1994-05-01,6.973137930152025,19.397980520551368,,5.7570626946809345,5.890048420070547,,,52.96116467066239
1994-06-01,6.966215770893721,19.36763936350355,,5.741355893813498,5.886763238806164,,,52.94065190653222
1994-07-01,6.972325257308233,19.362232420180533,,5.744543776140141,5.904033653026458,,,52.98753446131837
1994-08-01,6.977296959558632,19.389132806754283,,5.743717082503059,5.9050122159965515,,,53.025916934564776
1994-09-01,6.954496148765223,19.441809138272994,,5.7468773051389235,5.908403215954112,,,52.97810200265457
1994-10-01,6.978664756297706,19.486870347513825,,5.750443605522908,5.942827297817125,,,53.09948583572346
1994-11-01,7.0104582802513375,19.507226334733346,,5.757561912501766,5.954050108909272,,,53.12251134527119
1994-12-01,7.038,19.501,,5.765,5.974,,,53.115
1995-01-01,7.0713586409880405,19.49247882937278,,5.756737437136003,5.99378250648108,,,53.27727749689301
1995-02-01,7.075887292260465,19.461008262146336,,5.744867391667976,6.010691613836688,,,53.34505824135377
1995-03-01,7.1175942518184065,19.442620379531274,,5.736878084569705,6.004376810629056,,,53.38564873289549
1995-04-01,7.138757597992156,19.42435354946799,,5.728941373304869,6.0008017817694475,,,53.30251510932278
1995-05-01,7.116594822402158,19.431707508983845,,5.72493273985401,6.005130960396314,,,53.25905779502826
1995-06-01,7.138935699763345,19.461808202767674,,5.7245745285700735,6.006755519826899,,,53.30799983374575
1995-07-01,7.126822121087273,19.518747372465647,,5.739113130547396,6.0363189698126245,,,53.523199371713574
1995-08-01,7.088041239714248,19.52447480497026,,5.734974525896885,6.0473329764486055,,,53.536489747738685
1995-09-01,7.070141853587523,19.576927905262785,,5.734598287276697,6.048867471933909,,,53.52346024396214
1995-10-01,7.1192560602356,19.592334858925028,,5.730368213482963,6.050522785050933,,,53.56286297277226
1995-11-01,7.135917820353595,19.66162168747211,,5.748533406340318,6.067803624112053,,,53.62825725627395
1995-12-01,7.068,19.716,,5.762,6.081,,,53.648
1996-01-01,7.0467290505174,19.646057516520564,,5.742770137779681,6.085362056014503,,,53.60848791363046
1996-02-01,7.091521289602975,19.61627011597066,,5.738543696232188,6.09217238485732,,,53.73802463483703
1996-03-01,7.055084442899813,19.54893514050698,,5.716177091733831,6.071397192040479,,,53.61242618479199
1996-04-01,7.0476878641035645,19.50721792571988,,5.704870794228052,6.0585769877607545,,,53.436607198843774
1996-05-01,7.045975685819408,19.503110614323738,,5.704558346696882,6.060053535567598,,,53.39409707275624
1996-06-01,7.0611152380293944,19.53498661617022,,5.718600661673328,6.064031039946483,,,53.53948494471382
1996-07-01,7.067221166873201,19.56401479987283,,5.725322358443879,6.0785430886966445,,,53.70585875605858
1996-08-01,7.065479354348532,19.570855716025484,,5.724972296443587,6.0799749867021795,,,53.75241300532137
1996-09-01,7.082090197964495,19.57486390973999,,5.720879920809627,6.065903584292805,,,53.67120031912905
1996-10-01,7.121921178259217,19.567878241601,,5.716813397201151,6.062275086423628,,,53.64971668600393
1996-11-01,7.127850491288277,19.585603570831697,,5.719976482031053,6.068893233650013,,,53.6073395196013
1996-12-01,7.148,19.616,,5.731,6.073,,,53.674
1997-01-01,7.102313317953959,19.59802571766578,,5.726923435176527,6.087404259063617,,,53.770635560565374
1997-02-01,7.076204618008901,19.580164056148188,,5.722872412739165,6.088877949661388,,,53.807891313683655
1997-03-01,7.116244592612711,19.55292705750977,,5.71895703734756,6.089025613297872,,,53.87856743526171
1997-04-01,7.126579863166697,19.571889019239627,,5.725655708565512,6.091657613621271,,,53.89913459552969
1997-05-01,7.1117997177890935,19.627513507575355,,5.743079094620741,6.105702693795102,,,53.9328005134532
1997-06-01,7.087560620143584,19.657206969205212,,5.753200943353162,6.103198546873547,,,54.01180484387914
1997-07-01,7.120932571861765,19.708472196913956,,5.7598444221563705,6.108361629482336,,,54.17827939754383
1997-08-01,7.05786308273948,19.725716120680794,,5.766331952281276,6.112258823965279,,,54.193871932349275
1997-09-01,7.05562996968688,19.741424253885917,,5.769214181746656,6.102177076183939,,,54.1175867768595
1997-10-01,7.121998588261868,19.73555619682571,,5.768652503924172,6.099754078891932,,,54.18679656192892
1997-11-01,7.099717825989711,19.81231157230943,,5.789383237181907,6.121295971543377,,,54.2203487579425
1997-12-01,6.984,20.199,2.327,6.885,4.392,,,53.608
1998-01-01,7.012261202491216,20.20516509813881,2.4411367580445544,6.888474427443484,4.403789591676289,,,53.79477490212906
1998-02-01,7.029194899280719,20.211307348477227,2.5339851408276712,6.891935978688906,4.419154782614027,,,53.95228119795988
1998-03-01,7.034863943359454,20.217426877790967,2.57326603699137,6.895384725182499,4.421819045200455,,,54.023634158200615
1998-04-01,7.018149391563276,20.23437916554913,2.545417232,6.898820737842878,4.424473470509639,,,54.00931093978679
1998-05-01,6.9866154711896655,20.2404336256816,2.506143265970516,6.902244087065937,4.425318471415245,,,53.938203624900254
1998-06-01,6.9520331921630705,20.28053106779025,2.5237928196319013,6.91794962323089,4.430673232961379,,,54.01393964555699
1998-07-01,6.969491413662242,20.320530231854526,2.5689980189950985,6.929592511827322,4.441400561961759,,,54.11783882804058
1998-08-01,6.960960824416631,20.349635915928374,2.5934187141982865,6.945226126943203,4.4503085973922625,,,54.22148366736019
1998-09-01,6.933940839182902,20.40023516758161,2.5191254266503664,6.960821518061246,4.448449804947005,,,54.24003666565937
1998-10-01,6.950265979543666,20.415014897592673,2.5061151493902436,6.96386652255124,4.4483187677782485,,,54.248796406060364
1998-11-01,6.953959000786782,20.468795231885593,2.432877081097561,6.987893664089657,4.453678187980391,,,54.277006908611625
1998-12-01,6.963,20.529,2.376,7.007,4.461,,,54.316
1999-01-01,6.9607955309341705,20.511237296936905,2.445569130203807,7.005927104506636,4.4804488220714935,,,54.38079571515521
1999-02-01,6.970744455307533,20.518477056373655,2.520138517490381,7.009384290111067,4.498151097439795,,,54.539584750325666
1999-03-01,7.001018078556263,20.4776864708967,2.6034520231213873,7.004062054507338,4.493397059294872,,,54.57050925714287
1999-04-01,6.961403352955153,20.372297542400318,2.5869118757955807,6.969294598460595,4.468003863944044,,,54.25997524497163
1999-05-01,6.939535070171002,20.4041458449679,2.5237063500344314,6.981147140294712,4.4768164948393965,,,54.25997524497163
1999-06-01,6.899443218400055,20.446610248391355,2.5688531541495374,6.996950529406868,4.48739165191382,,,54.34345212996391
1999-07-01,6.940523318903098,20.427619718845953,2.635416930486735,6.991719863574455,4.48974732577523,,,54.40239171822779
1999-08-01,6.894908592436735,20.420956259608605,2.6291083322090887,6.990701523209468,4.491271108099711,,,54.38286760707875
1999-09-01,6.851232706949466,20.37619875397153,2.5428433247150277,6.976946864897869,4.476850086761809,,,54.15129122436825
1999-10-01,6.911040429008536,20.371325556947397,2.5226944389077137,6.980118322751442,4.477573060773577,,,54.21967605911331
1999-11-01,6.9357279359726896,20.432606835497708,2.418653519211153,7.014986393718913,4.485355792797889,,,54.26989525507173
1999-12-01,6.94,20.47,2.359,7.036,4.501,,,54.338
2000-01-01,6.92662097353051,20.513922292605468,2.474281518491475,7.046285373508606,4.51544432035898,,,54.505890191587135
2000-02-01,6.910802658973945,20.434686196634416,2.5436890876846108,7.0202594615570035,4.521642132170514,,,54.402827879268834
2000-03-01,6.900291026001475,20.2985072493345,2.650018645765243,6.982032204892159,4.505206542056075,,,54.228139958234664
2000-04-01,6.903335925180399,20.317566643220122,2.615612191657921,6.989458421603224,4.514551469985467,,,54.250490591008514
2000-05-01,6.912947491622613,20.33503672991445,2.5709884842405772,6.996625732622498,4.517830238818932,,,54.268141424634024
2000-06-01,6.8909149389627515,20.29030306830284,2.6228664297869733,6.9791483181549685,4.514642760527226,,,54.17265907882647
2000-07-01,6.888987130446057,20.284189132940572,2.666742103812224,6.989598204381585,4.522846609042553,,,54.261413974245485
2000-08-01,6.920539743257261,20.345470671106554,2.6710853319943286,7.016203526529857,4.544892730496454,,,54.4755685434581
2000-09-01,6.877706662653452,20.311178411407457,2.551387763597363,7.0063176111202115,4.533153544261935,,,54.19331171162672
2000-10-01,6.858885212476751,20.337018045152632,2.5556153689459618,7.024434138504792,4.53712688187821,,,54.25938319815815
2000-11-01,6.889742266689865,20.39629809276749,2.4549991275683,7.046806087116916,4.541253605778046,,,54.25478699123784
2000-12-01,6.903,20.46,2.346,7.079,4.552,,,54.334
2001-01-01,6.8873082595551605,20.391918082771898,2.4448254568817815,7.057027333756282,4.566898036286957,,,54.33606463625481
2001-02-01,6.90122975324387,20.360896301883727,2.5417992747440272,7.055071406740068,4.580371286628834,,,54.40911964093693
2001-03-01,6.882125318327234,20.384759187741654,2.6446247162315557,7.065139730244513,4.58659729731545,,,54.52185553465086
2001-04-01,6.851468465563849,20.363931176785975,2.5832581967213115,7.059452270264602,4.583350470462703,,,54.384549741747136
2001-05-01,6.830849184869362,20.341746900294645,2.533624085537423,7.057229908820717,4.570958266874894,,,54.24382698252404
2001-06-01,6.8737823182444036,20.386750370263137,2.6073423455056184,7.067467645720036,4.579710424838774,,,54.41225319378175
2001-07-01,6.91361977371034,20.503810829296892,2.6210281690140844,7.113269341421665,4.602512442703558,,,54.74793339764614
2001-08-01,6.917032221772389,20.603199151300267,2.6463929577464795,7.142861725577345,4.628916243020251,,,55.034571792398225
2001-09-01,6.889393880513811,20.589910213574182,2.4577621985417832,7.140272599425754,4.616361295204213,,,54.78764157684063
2001-10-01,6.933107406199743,20.748780391222944,2.4174996482836244,7.193940645274312,4.648432135804976,,,55.10277433877321
2001-11-01,6.972146912794831,20.893257302094,2.360255073280721,7.235715337389393,4.672804747069772,,,55.352394634831896
2001-12-01,6.638,22.046,2.702,6.421,4.434,,,55.234
2002-01-01,6.645677781259879,22.069214461214457,2.807605682091149,6.42606924356083,4.466118512543357,,,55.42030666646128
2002-02-01,6.661450185780566,22.044659532423307,2.9498555922912946,6.423513610283183,4.47185054368204,,,55.537770137681505
2002-03-01,6.649856489063191,21.983350383940984,2.9972865172358385,6.403742668366159,4.465388015340364,,,55.43255707065604
2002-04-01,6.632011752803305,21.912450139794966,2.9855066679367495,6.377765687548282,4.460534428024083,,,55.22638510072339
2002-05-01,6.663911761234297,21.95354240447344,2.936604019813297,6.387404628133998,4.475904980842911,,,55.30298202874104
2002-06-01,6.663395757762732,22.002943346904434,2.9545218522260677,6.399910068560378,4.481097989182702,,,55.42534977255576
2002-07-01,6.675104218384516,22.040044929993847,2.970769348520313,6.408841146749204,4.508346149846207,,,55.567718477714116
2002-08-01,6.6688106280520065,22.017972210173646,3.011997181005727,6.4003490087766854,4.507141142470639,,,55.637261704638746
2002-09-01,6.657757350767942,22.06311799313125,2.8564117823021267,6.4056990888478795,4.507305067087608,,,55.51968221441453
2002-10-01,6.672049518487102,22.087738226919697,2.8371358177435524,6.414217860541035,4.528809185862248,,,55.57973930570423
2002-11-01,6.706849207772713,22.138678582609085,2.744989526227095,6.436522641973617,4.55014992251727,,,55.65570250293298
2002-12-01,6.722,22.243,2.654,6.467,4.574,,,55.779
2003-01-01,6.701874345541584,22.206044841147662,2.7657196169268268,6.463962847184003,4.575155250512031,,,55.83659791535108
2003-02-01,6.685090406314727,22.056425797462442,2.8238122925681637,6.427159606772255,4.562813669939552,,,55.63531620499049
2003-03-01,6.670080182533344,21.9447599315647,2.857073227261339,6.401323554107854,4.5400666544816035,,,55.427687509817936
2003-04-01,6.718924126408935,21.992517842188338,2.839370454626983,6.427827384838593,4.557465192626822,,,55.57329035768989
2003-05-01,6.761167028430417,22.048599429280983,2.908703578165704,6.450929416893732,4.58148292443197,,,55.81425143516647
2003-06-01,6.778785334476845,22.024594421736857,2.9294703619733564,6.450195891852658,4.591539281066215,,,55.853446119176986
2003-07-01,6.7994843485487415,22.05084847727118,2.983662549522256,6.458888410367953,4.604579364275043,,,55.992408263036104
2003-08-01,6.7488432040720365,22.01724850849013,2.9794936214922667,6.450044268689056,4.5990956908399685,,,55.92929712991324
2003-09-01,6.714590158523168,22.00574364094929,2.8131585841264566,6.444744953203744,4.599118325203322,,,55.74810070292648
2003-10-01,6.786959337582867,22.099405285836546,2.8732367953667954,6.461080655855856,4.617535125385907,,,56.03170165457541
2003-11-01,6.7960255223193755,22.209338848655122,2.7404274993299382,6.497377958446252,4.652517464196687,,,56.13378509065891
2003-12-01,6.319,23.383,2.954,6.157,4.575,,,56.283
2004-01-01,6.317177243487036,23.311256761367286,3.051606375794632,6.138867886153524,4.580501353094704,,,56.28270350840227
2004-02-01,6.3004884038135245,23.217310103969584,3.107731241300772,6.120555172718438,4.596553218915012,,,56.20277399429838
2004-03-01,6.2715621717587915,23.11003731891332,3.2962597504615396,6.093012837117425,4.5930855160798805,,,56.1865328183309
2004-04-01,6.260083024658177,23.098179637618017,3.3113895755988163,6.0880832251082255,4.589930317272994,,,56.12955401377554
2004-05-01,6.223667946249272,23.004842009928122,3.2691765919307296,6.0671004070062775,4.571808065033252,,,55.8516981298976
2004-06-01,6.218083138548429,22.97297562616041,3.2817144976941357,6.062296929938998,4.5744486873944,,,55.82053769997441
2004-07-01,6.259001316926163,23.05032380405411,3.365839205060407,6.086308174519368,4.600249530841561,,,56.1032515775105
2004-08-01,6.233114665070061,23.099567845887492,3.3233482040987075,6.1032581802444605,4.609234485885725,,,56.17074286189003
2004-09-01,6.200266251633055,23.091763870462877,3.2300112193681727,6.104773384944002,4.608067090709898,,,56.100872744086345
2004-10-01,6.204216575835808,23.011439555820434,3.233299428700283,6.084231002181762,4.599505590282846,,,55.92747846273749
2004-11-01,6.240179476535991,23.029854452146793,3.0776003496584576,6.092476077655136,4.614081822439399,,,55.85002972127095
2004-12-01,6.235,23.158,3.008,6.133,4.649,,,56.04
2005-01-01,6.219116672096491,23.170453687120105,3.1003139782533116,6.137303096806555,4.6704320190732815,,,56.163603120796196
2005-02-01,6.202972908170989,23.0982462787675,3.2409342152076768,6.1163288201000245,4.68592546069255,,,56.177169323910334
2005-03-01,6.1797452636729915,22.94910861528457,3.450294988256553,6.08298000429053,4.674733438980678,,,56.07430438446027
2005-04-01,6.168701009307202,22.825702746153183,3.375205133377953,6.056362805568008,4.656005698622979,,,55.770602117455915
2005-05-01,6.194310035131565,22.889097221316586,3.26704725056424,6.073820656743181,4.670528993454363,,,55.804323356704415
2005-06-01,6.215878799539175,22.907247089413087,3.292640915834133,6.081919122767167,4.6736866425227195,,,55.89385099285992
2005-07-01,6.217363784306867,22.851371497794343,3.3663224405643186,6.073452934319646,4.672909982765851,,,55.87175605551223
2005-08-01,6.182983364675982,22.784401336289125,3.2976186487353667,6.05641991089732,4.642235697955812,,,55.65752173008065
2005-09-01,6.108339702325768,22.558123009181855,3.024934496617447,5.999771987229595,4.594350676776823,,,54.91620288353666
2005-10-01,6.112186930770875,22.56151247993736,3.13990525201057,6.006898117716308,4.6095501251875834,,,55.036788395496615
2005-11-01,6.183336243214335,22.793277923996413,3.0555070483544746,6.074866088243589,4.674233113122828,,,55.52897606988913
2005-12-01,5.707,23.442,2.611,5.832,4.764,,,55.055
2006-01-01,5.673775828519589,23.32463827066145,2.6904261138241834,5.798384587359907,4.740405701090851,,,54.8674481479674
2006-02-01,5.674760595318208,23.347496894764422,2.8092575814455203,5.805049195279521,4.775012062617541,,,55.07681088364694
2006-03-01,5.645985820763696,23.298304263025916,2.940391935909852,5.791325758411474,4.774792476687215,,,55.068921825050865
2006-04-01,5.617926851510945,23.19025531196439,2.9155846590312073,5.757965171418443,4.745392796134256,,,54.78453277835588
2006-05-01,5.616966243293337,23.18338315387553,2.8495274025817356,5.747523918367348,4.734142710851202,,,54.626068339307054
2006-06-01,5.632622316187018,23.23534764471859,2.868657386463061,5.756716218907474,4.7329163757101,,,54.74208874544906
2006-07-01,5.637820138791516,23.254483001089188,2.936279499635852,5.760205642079928,4.731085912323808,,,54.826043591979094
2006-08-01,5.6146700085815615,23.29633420465864,2.8956321310983064,5.774433581887879,4.733905020520896,,,54.874318530588994
2006-09-01,5.630192366956565,23.47951901551218,2.7841031428649408,5.825981521006628,4.765342865295323,,,55.16713970015422
2006-10-01,5.675541384780174,23.695885341207486,2.813793906954672,5.880952893347627,4.808978561368734,,,55.670289970907
2006-11-01,5.66441666430655,23.809842285948168,2.714151815779051,5.912957504431053,4.8379061878020115,,,55.7531737773153
2006-12-01,5.638,23.83,2.648,5.93,4.834,,,55.666
2007-01-01,5.634650794117631,23.810806772760017,2.762594388030648,5.93267114225375,4.870148732641156,,,55.796164630192536
2007-02-01,5.6218629135867655,23.7497840575669,2.8615437226428413,5.924952437240905,4.9001247154294045,,,55.80322056254514
2007-03-01,5.5740865445867875,23.591610460181105,2.898627607784215,5.8906429517841685,4.87266807912399,,,55.482464348357155
2007-04-01,5.538515540783564,23.476812811269504,2.9322548474959778,5.86483231905234,4.853230171055762,,,55.27544970706455
2007-05-01,5.494446259974438,23.357368335061683,2.8999569749785756,5.8434481536965475,4.837681801036889,,,55.013064684323574
2007-06-01,5.517534101252327,23.355347232914287,2.98492671567074,5.845180894831824,4.836623316882493,,,55.103802451135536
2007-07-01,5.552780247345248,23.404933558869278,3.073957829436822,5.863178732578607,4.867452691164401,,,55.34508845171429
2007-08-01,5.561346264722736,23.51137734624161,3.0236551447821314,5.88843992333061,4.895544846752537,,,55.55439238765391
2007-09-01,5.540363572100885,23.510598436130888,2.899818051512811,5.890898136955792,4.89485205442451,,,55.4485150755054
2007-10-01,5.555339484833249,23.516151305510007,2.867431561167326,5.9051427645411705,4.9148036878020385,,,55.477653444851704
2007-11-01,5.545781080325556,23.452781160311584,2.72170531923928,5.8958722349340755,4.905340171283135,,,55.185498628379754
2007-12-01,5.35,23.942,2.564,5.765,4.63,,,54.867
2008-01-01,5.34251428053976,23.878384593732292,2.678000814323521,5.754432219131513,4.646150528229581,,,54.90191957961336
2008-02-01,5.3401064236656195,23.844938613629388,2.7448429397849377,5.749132197262606,4.657814017857787,,,54.92980060964378
2008-03-01,5.33041780622117,23.68579544443582,2.8221410547094585,5.712746251483508,4.625953663224633,,,54.70060610162618
2008-04-01,5.311422442132371,23.58541421744232,2.7477622900344887,5.692452831118649,4.603111356235927,,,54.42412890674321
2008-05-01,5.315166836274126,23.40316077963526,2.7109674058700883,5.65260862880412,4.57911853707018,,,54.083209919908676
2008-06-01,5.336313940879809,23.22438627662527,2.7389696273972874,5.615586856678082,4.5355573819351855,,,53.78393404846286
2008-07-01,5.354015652428768,23.133671884649992,2.8055290679473264,5.602990957179141,4.5197941456184125,,,53.729728082238566
2008-08-01,5.39579266583725,23.268050280083216,2.745245013619114,5.644260939284219,4.545314420677094,,,54.05692325314548
2008-09-01,5.386782445190683,23.349646812100577,2.6467682778522486,5.669322444584539,4.55855489218892,,,54.15505843286035
2008-10-01,5.435498948978607,23.62597429866695,2.628027635810521,5.748897615500837,4.6153288128761805,,,54.744292177191255
2008-11-01,5.525264868470006,24.16008032607719,2.535354265766389,5.880847465128798,4.7121558695135635,,,55.75919459379051
2008-12-01,5.567,24.433,2.478,5.957,4.765,,,56.285
2009-01-01,5.559056732595722,24.386772760122916,2.551352011793077,5.947879192667783,4.782205994617784,,,56.28071075817747
2009-02-01,5.5563616954567046,24.29259708472292,2.5814957257326006,5.926347197308913,4.791152076379393,,,56.16952635327298
2009-03-01,5.538370105714404,24.28501845013689,2.6113753027424425,5.919923081126718,4.789111640435388,,,56.16035256049032
2009-04-01,5.542049719281185,24.252992160179595,2.604588857186018,5.911356578739275,4.7882688321184235,,,56.073747543890605
2009-05-01,5.524575184743163,24.206974609316667,2.5589883416597847,5.898355127405661,4.785274031065766,,,55.92634536234087
2009-06-01,5.489993391899355,24.010714219129394,2.586524292080914,5.848660441374857,4.745739199573729,,,55.56011429344215
2009-07-01,5.5426233960884215,24.038645295322283,2.61134683108988,5.855644041746112,4.766670166112011,,,55.75107161398606
2009-08-01,5.553337381606412,24.01127536614726,2.568688462083534,5.843361360785849,4.761203032943523,,,55.73569076694875
2009-09-01,5.566742231000661,23.96920498710359,2.49708537429003,5.83820794119375,4.768464789386887,,,55.677069286818266
2009-10-01,5.593215520596548,23.948473044474664,2.4905593306728306,5.830786660237419,4.774080909379438,,,55.66247098357479
2009-11-01,5.621901371755197,23.916723188232893,2.3385396287524975,5.826615998433012,4.787126961395436,,,55.499603556259295
2009-12-01,6.06,23.593,0.769,5.966,4.902,,,56.432
2010-01-01,6.0205358545877425,23.500190432239616,0.7860031844626311,5.94914315117523,4.927713871325722,,,56.29937153524943
2010-02-01,6.046133980212664,23.484446626949026,0.8058808105493059,5.944629157539747,4.969189010614723,,,56.3799565823714
2010-03-01,6.0442383544971445,23.369166333886618,0.8279959165342515,5.92203043303395,4.963891772795209,,,56.20849212014567
2010-04-01,6.058307329120529,23.319362016261287,0.8343615893101997,5.909934899998062,4.962167235730605,,,56.18220970032012
2010-05-01,6.075661038475881,23.30066218892633,0.844824796418773,5.903293864708876,4.957320424590566,,,56.18946177551557
2010-06-01,6.109740278863966,23.34064038372709,0.8727057718210858,5.910819324203428,4.969774298956614,,,56.34496180701703
2010-07-01,6.1208544361797035,23.339629831795925,0.890422251112196,5.9125862812628025,4.9676129269900215,,,56.405928091956774
2010-08-01,6.109839661974104,23.317813176971413,0.8683599860185893,5.902016779211521,4.966464833145303,,,56.38015529714592
2010-09-01,6.097699335139563,23.3116152273877,0.8418254825920324,5.906733622675465,4.995264988466184,,,56.37482642921138
2010-10-01,6.114609424735894,23.30376582976987,0.8270338599815875,5.905302050815272,4.9981793751997605,,,56.341131407677395
2010-11-01,6.150351816600946,23.328342784592408,0.7841326382835925,5.919348590293729,4.999524494173198,,,56.38040990234511
2010-12-01,6.14,23.31,0.776,5.925,4.994,,,56.297
2011-01-01,6.127605076696787,23.22860161792377,0.7905437725905556,5.910280298174733,4.993627395136973,,,56.16043663169692
2011-02-01,6.12918033510762,23.141336593827386,0.8046568771165806,5.887683606335716,5.011328059490959,,,56.0467947452075
2011-03-01,6.102016510086469,22.934735584113653,0.8266487895993772,5.838143430822308,4.966297296324623,,,55.605104011252685
2011-04-01,6.081907429336716,22.80008218198592,0.8220276890669772,5.8025380930446255,4.944652256842599,,,55.311810668587846
2011-05-01,6.058973416211903,22.709751312588473,0.8331351722995565,5.779308136083347,4.929926463317887,,,55.13041524605749
2011-06-01,6.080325467311517,22.771287519872235,0.8730873056984707,5.790065818255808,4.9395929211907506,,,55.298416874146625
2011-07-01,6.078427271035924,22.800582228051383,0.8991952994603195,5.796230935608512,4.947289297707262,,,55.37750990176695
2011-08-01,6.068435716005849,22.790876836265458,0.866880547835819,5.80125777144635,4.941820758243839,,,55.36887769618827
2011-09-01,6.0601136696483175,22.78089972980213,0.8366881613783571,5.806715074445134,4.942603458766516,,,55.34323301597937
2011-10-01,6.084108526373343,22.87838262344641,0.8162524684019785,5.842094669452269,4.9785469435927965,,,55.56355572018486
2011-11-01,6.103480463929193,22.93883854926969,0.7818591443711034,5.863402723674537,5.0028459288094425,,,55.68593546440939
2011-12-01,5.797,22.543,0.749,6.485,5.345,,,56.161
2012-01-01,5.762621063574343,22.49230243352184,0.765913994110966,6.469769608105316,5.353488393182303,,,56.07501434235121
2012-02-01,5.73942511977447,22.416648004863372,0.7928672883357255,6.453155628568671,5.357731242547921,,,55.94936818965911
2012-03-01,5.7187567614160075,22.290436145009867,0.8126662083005722,6.414066470913123,5.328219476105792,,,55.67859244056016
2012-04-01,5.734021668491249,22.261108987421085,0.810350383900839,6.403477898518455,5.3296053532451,,,55.64098668349843
2012-05-01,5.756916645257204,22.308133306304555,0.8310372328884242,6.418652026217136,5.355579579498319,,,55.811394951191296
2012-06-01,5.772278968051908,22.36323380202442,0.8660653355757034,6.432442362435013,5.391253956751213,,,56.02399556512251
2012-07-01,5.773682313085652,22.439068707790927,0.8634945961206687,6.460329018299334,5.415531159373404,,,56.19894014705904
2012-08-01,5.737330746967937,22.372368501601965,0.8359084692225478,6.438654092566852,5.386838160742172,,,55.988105519282975
2012-09-01,5.720076358465089,22.32257570493207,0.8114216587667872,6.428346054412744,5.379902815528844,,,55.84966081485953
2012-10-01,5.760842628660578,22.378943361065595,0.798626337190899,6.462482234250249,5.387210510457376,,,55.99443125985179
2012-11-01,5.811957300689602,22.529173605830724,0.7586562653975023,6.509511388118192,5.425480216371625,,,56.329704288492024
2012-12-01,5.848,22.622,0.741,6.545,5.448,,,56.553
2013-01-01,5.839682315985671,22.598724589047336,0.7677272717174524,6.540576570686271,5.459597932499247,,,56.56275523951461
2013-02-01,5.803811202053325,22.453032889775432,0.7859705742172116,6.501071029998363,5.456311952960124,,,56.29081739728232
2013-03-01,5.807711232232586,22.424013728993742,0.812302594687457,6.4979295344247525,5.453784133733452,,,56.26313868632539
2013-04-01,5.817737266270273,22.481923552701094,0.8152802275941383,6.508680711094267,5.453271917853346,,,56.345421159398164
2013-05-01,5.825773134488441,22.47689572873755,0.8377085510971453,6.511158556697217,5.438342243600403,,,56.34890807774791
2013-06-01,5.816725896902222,22.463918863400806,0.8571570222439043,6.504002489910617,5.4454676485900535,,,56.321327462298854
2013-07-01,5.833028997025327,22.489237285619136,0.8694699474997987,6.515495869453778,5.448702375542755,,,56.415868087706414
2013-08-01,5.793748335478915,22.5298848093246,0.8419480853700048,6.532556532601373,5.469608095274511,,,56.47036862483087
2013-09-01,5.786355505473558,22.55040350012312,0.8134422990423262,6.540326263404092,5.479977258179499,,,56.49922300397219
2013-10-01,5.84708464362387,22.667494441580008,0.77683759370012,6.577264390988075,5.4902469201178326,,,56.748066216544025
2013-11-01,5.888565271122017,22.781705138956514,0.757991523884048,6.608742766866814,5.498113566230464,,,56.97251306008419
2013-12-01,5.571,22.505,0.795,6.977,5.847,,,57.353
2014-01-01,5.53078479307695,22.471069282787372,0.8259684340747389,6.9672330083702345,5.8549074539240085,,,57.294247332866895
2014-02-01,5.531453161988578,22.424542061864617,0.8516620418329903,6.95216789050085,5.87179217685753,,,57.249023425046936
2014-03-01,5.51369194375648,22.332222591638757,0.889534137391364,6.926753822691685,5.847208353733045,,,57.05826445684931
2014-04-01,5.548826413310713,22.2949949235062,0.8884789325296348,6.919493121352542,5.8350335571671,,,57.014943255185905
2014-05-01,5.591996660982178,22.256241371692788,0.9267573203060772,6.91075563906282,5.824444632218203,,,57.00138544625884
2014-06-01,5.589164347269426,22.255652189027828,0.9315667711515248,6.913252936078941,5.812943826140192,,,56.98469944789342
2014-07-01,5.537583485937635,22.31493015146041,0.9462801672830579,6.939237361436471,5.817789310575038,,,57.08459136431381
2014-08-01,5.499314398045713,22.411391007702633,0.9297128932538744,6.970978153691182,5.824642869692858,,,57.22211171421118
2014-09-01,5.488188561406198,22.44847010427799,0.9045925324471339,6.989621527114344,5.826108822153504,,,57.25524572028976
2014-10-01,5.5654126357551235,22.56576533987733,0.8915512113780003,7.032103975111483,5.848751706084154,,,57.54709864491988
2014-11-01,5.624570904376434,22.752595665334375,0.8516371474757697,7.099119549470806,5.898723501525313,,,57.95292474503676
2014-12-01,5.625,22.918,0.839,7.159,5.944,,,58.305
2015-01-01,5.652759310320753,23.0830069946718,0.8814290723172009,7.210723721243056,5.992976155217448,,,58.770256459466715
2015-02-01,5.6532520015562975,23.032012334241603,0.9008562757276499,7.200374568422785,5.98112707242024,,,58.66803454924487
2015-03-01,5.628295271531139,22.94962435109787,0.9352066304237998,7.176555776392986,5.964757955072738,,,58.48976641175518
2015-04-01,5.648472523475806,22.957726575908552,0.9354090008846362,7.17383477417336,5.996963884242844,,,58.55328781767612
2015-05-01,5.678414671676201,22.885787897990475,0.936126484373037,7.153736891968304,5.974532905272774,,,58.39636978973751
2015-06-01,5.676670323523512,22.883104487930513,0.9377657357469189,7.148478358952395,5.9380195726325775,,,58.34292125559603
2015-07-01,5.64131624485579,22.94441858685059,0.9725486856393749,7.174556677035105,5.9427406924202275,,,58.460129512741055
2015-08-01,5.604431198215773,23.041663790667393,0.943660479668111,7.209293283608105,5.94157892173513,,,58.60087442480417
2015-09-01,5.608869563587519,23.149148149846518,0.9225478680755019,7.251672933851006,5.96683494389678,,,58.8283022559806
2015-10-01,5.65776438044919,23.22262649850195,0.9084671097143171,7.2831693807546785,6.016865453808496,,,59.05525287443191
2015-11-01,5.7247064182582115,23.3346205394646,0.8711091956710133,7.321118547876198,6.050295588701725,,,59.32572948532288
2015-12-01,5.876,23.116,0.841,7.733,6.569,,,59.556
2016-01-01,5.87306474527637,23.137586232470582,0.884718056432522,7.741446810853973,6.603577585160066,,,59.67314034947615
2016-02-01,5.890418507954612,23.167913043411776,0.9208251309532204,7.755556737973776,6.6540376106558226,,,59.84419241803038
2016-03-01,5.881635337421333,23.11408301477258,0.9398908389483339,7.741084250321455,6.626699439599541,,,59.73728968089682
2016-04-01,5.918511552068914,23.06605578278948,0.9287829392172764,7.722565023547878,6.613322546143745,,,59.632400149757046
2016-05-01,5.94868451898776,23.044025967052598,0.9535213981225705,7.713958588667228,6.619174982424934,,,59.61361600615126
2016-06-01,5.936799274493304,23.042320509059245,0.9824645465170564,7.711274221915136,6.599753362609348,,,59.59301546189638
2016-07-01,5.908221223635954,23.146391167355798,0.970944855983877,7.748830707922096,6.637149632288115,,,59.76491463927077
2016-08-01,5.864595550334373,23.200813707144405,0.9584081892769042,7.769207234831559,6.681331370999712,,,59.83944898540885
2016-09-01,5.835908290274581,23.23220498282417,0.934697742258608,7.777787593574945,6.669260286892131,,,59.783833658361615
2016-10-01,5.857830689411027,23.281936527628474,0.9245840390369738,7.805467109552493,6.664076304159173,,,59.84594398650143
2016-11-01,5.916731905838752,23.403548546326462,0.8679989234560076,7.848517679855977,6.687547509210763,,,60.08915953621818
2016-12-01,5.92,23.457,0.851,7.875,6.687,,,60.162
2017-01-01,5.911156888600176,23.373864036126008,0.8803930139234337,7.848303627906462,6.676171161185441,,,60.021311413339625
2017-02-01,5.9411802490610945,23.347285583962094,0.9101555904189462,7.842870463031177,6.697007853711009,,,60.06535581454605
2017-03-01,5.960955839239171,23.364965111660236,0.9216858647237268,7.8534253470311,6.6900616867911475,,,60.01183391471041
2017-04-01,5.970738553935918,23.33503327075983,0.9350893346793132,7.845846119855545,6.668487912062073,,,59.92703319245175
2017-05-01,6.009477892525296,23.357074024873725,0.9575403922769684,7.862292940213682,6.659579268076043,,,60.00789716661188
2017-06-01,6.0201232028538065,23.40561066110547,0.9662132897722083,7.879139640727895,6.656201966584389,,,60.08090468878467
2017-07-01,5.99637965291126,23.48482475051252,0.9321226992586837,7.906618261853091,6.672227657635725,,,60.18451916228246
2017-08-01,5.957340666111686,23.504059425448666,0.9424231560079857,7.916420213601289,6.661616230585143,,,60.17147893779263
2017-09-01,5.9304632188611786,23.44936525204016,0.9223015704184223,7.894800473928833,6.635514682783157,,,59.97648935427258
2017-10-01,5.983764033720534,23.54701779039816,0.9186067380425801,7.9311871271693954,6.655105706897795,,,60.20990221405363
2017-11-01,6.0120142783529715,23.61604758550996,0.8545679467042119,7.960757619032146,6.6500172015330605,,,60.29033911502746
2017-12-01,5.926,22.422,0.898,7.823,6.924,,,59.254
2018-01-01,5.933710980682231,22.3571195246362,0.9123142906726505,7.8025245551035125,6.941814698778011,,,59.16154778802064
2018-02-01,5.987831693048441,22.288559105173167,0.9395115427130051,7.7793681800946946,6.938354872404661,,,59.11112388081138
2018-03-01,5.987108225833785,22.297357592924484,0.9881703752551815,7.7767368724618615,6.9429644525337615,,,59.144879571608016
2018-04-01,5.9757287656032085,22.267993748922613,0.992957139287377,7.76752500637995,6.9223673556897545,,,59.02685741646611
2018-05-01,5.9792865419996355,22.226859385427723,1.0415670197446572,7.7531076546610045,6.893590417109081,,,58.97084918773895
2018-06-01,5.98234073132613,22.24922176095476,1.022574716830327,7.760957418048533,6.897085029741896,,,59.015520373913255
2018-07-01,5.967076867761764,22.31273667878299,1.0190725008291215,7.78561789798853,6.89622057972174,,,59.114608175497544
2018-08-01,5.936885964572824,22.371761950238398,1.0066823442597004,7.8129708127794535,6.873294683285525,,,59.161786091560174
2018-09-01,5.945752537111105,22.398623013982377,0.9716046866904561,7.825368318279153,6.882146862368122,,,59.21432639731628
2018-10-01,5.970077703768394,22.43427312566512,0.9365364150619399,7.838169889351194,6.883852413862741,,,59.23608569759302
2018-11-01,5.990824555707338,22.589103815103442,0.8827734458667209,7.897175260255816,6.931213562075976,,,59.52831865094546
2018-12-01,5.975,22.711,0.887,7.943,6.974,,,59.809
2019-01-01,5.961761023580418,22.72097381660609,0.9206931954898913,7.946971296407749,7.003251933980684,,,59.86915029466708
2019-02-01,5.961705305065518,22.68443968955563,0.9612736088187761,7.9318461295224925,7.000105918682729,,,59.82194018544529
2019-03-01,5.935718558202655,22.61715161457382,0.9973028543569167,7.915434328722637,6.972604001650162,,,59.65255420635124
2019-04-01,5.92508475179701,22.563882896851442,1.0126841345612658,7.901750622656877,6.946323501288223,,,59.50687292275349
2019-05-01,5.935831010286101,22.56586726883973,1.038486668337603,7.900678845331977,6.960309130280837,,,59.51074401581868
2019-06-01,5.93955836343765,22.63417913089066,1.0445245714822091,7.930646250325605,6.977120274411919,,,59.674628767334895
2019-07-01,5.9012968836133535,22.654374022494633,1.0458229578108922,7.940332219930426,6.998926274218406,,,59.693456126848204
2019-08-01,5.888725506741649,22.721815935272762,1.0087268218497574,7.965471158602986,7.045693147643956,,,59.829348963692944
2019-09-01,5.889938121388237,22.77040946894893,1.001865845083216,7.987852939835495,7.062993271405645,,,59.916335835098536
2019-10-01,5.9102547930317435,22.775901996688635,0.9384090328653852,7.989829433397514,7.109935724231867,,,59.94260253778019
2019-11-01,5.9153089562103816,22.856258565343005,0.8924119299961714,8.021322205501443,7.140906819972872,,,60.103418656384825
2019-12-01,5.399,22.864,0.924,7.792,7.19,,,59.387
2020-01-01,5.382961324375532,22.844198273487184,0.9574793463607583,7.785762083196995,7.209744944450196,,,59.39092575711359
2020-02-01,5.41731595773602,22.826772914107437,1.0111039802573096,7.782662741226845,7.227452073972952,,,59.45535879246891
2020-03-01,5.332044261798938,22.923875355875563,0.9820887434735744,7.820437860196423,7.27309696541873,,,59.582271371177846
2020-04-01,5.128258973401724,23.112448037269818,0.9277209227451705,7.887369105259211,7.3496863914708985,,,59.77168504914492
2020-05-01,4.971802275389327,23.16011293381347,0.9399574160437235,7.90289070756323,7.385070610353153,,,59.77487872612832
2020-06-01,5.045338432753059,23.05972014351146,0.9530707105281673,7.871020154089383,7.371676688105871,,,59.607729650342
2020-07-01,5.168525449197939,22.993062188106848,0.9583826747955824,7.84645971047117,7.36762905322635,,,59.61487597979284
2020-08-01,5.127319474711793,22.963122063336137,0.9422171314606327,7.833095742902813,7.350581084887129,,,59.50368804984547
2020-09-01,5.066277264067508,22.953858913735548,0.9184137850857255,7.832845897841258,7.337177443099273,,,59.411310692048055
2020-10-01,5.094119604140295,23.003731096536974,0.8544869559025055,7.845694229764358,7.314413712591031,,,59.44504600939283
2020-11-01,5.1891406517631555,23.03704955838605,0.8405054235054692,7.860174975787172,7.310426005705905,,,59.59544362958047
2020-12-01,5.142,23.044,0.825,7.862,7.289,6.309,3.803,59.526
2021-01-01,5.093273666465569,22.979414743485716,0.8368605063907361,7.835584930147731,7.317006011707559,6.289397268866995,3.7433096679132527,59.339150443891114
2021-02-01,5.095612853849528,22.904108072760884,0.8460643327740723,7.8038638390787325,7.323227815240938,6.26087419214362,3.741140629630598,59.21512286509607
2021-03-01,5.11123362179535,22.786429882727912,0.8959275505328252,7.759637128686766,7.279736712358026,6.214458519454759,3.7392592916373513,59.008944052601294
2021-04-01,5.200559242064875,22.640411939119808,0.9565166658065825,7.708625417010036,7.209039604516437,6.173831810029825,3.736504636526448,58.805475221179634
2021-05-01,5.265221059812456,22.521949467839775,0.9760427135253603,7.663857765146286,7.141040617088178,6.13691788662074,3.7136350132798035,58.57958631329972
2021-06-01,5.285431105236113,22.39071587766211,1.040915954057596,7.6111882479909045,7.066066712086192,6.088389783254724,3.700344995346462,58.29195039650123
2021-07-01,5.218882982544694,22.350906612867146,1.1051397521533382,7.5885998908000065,7.049802875667204,6.065224747192584,3.705543105810204,58.19711093372029
2021-08-01,5.094470457667273,22.372009052476116,1.05151443634209,7.599924343824174,7.054531749716179,6.067280621804679,3.7104785910421154,58.08497312936512
2021-09-01,5.018592988952225,22.408413257284483,1.0245319114190738,7.612824192784063,7.023880005846834,6.069128306748666,3.717271470569817,58.0154907755705
2021-10-01,5.011746233063253,22.33289450081181,0.9836951293127834,7.585283804252427,7.001701944940432,6.032123236552479,3.720525195136832,57.781053199408895
2021-11-01,5.04645991808689,22.32793690526454,0.9615397512198859,7.583146791520499,6.986633106639649,6.008712591207658,3.686599389148488,57.70008212181959
2021-12-01,5.599,22.988,0.914,7.398,6.962,5.553,3.193,57.583
2022-01-01,5.596587418610618,22.893541067598065,0.8981350919555099,7.373492779874079,6.970206410450149,5.510675035796665,3.18229741871917,57.394404338874914
2022-02-01,5.634587600004568,22.783449096644024,0.9387539804442724,7.345356166081843,6.931547412994987,5.467202932014189,3.1702833509817197,57.23293857506851
2022-03-01,5.672782156679346,22.575867674089544,0.9880591416065111,7.277924530877621,6.880771521833154,5.388986129659829,3.1389679736095113,56.830781351941226
2022-04-01,5.8286419410935695,22.543572677693984,1.011806668161499,7.274962899529745,6.8691235730539635,5.369945334004997,3.1341430486224486,56.92099560668587
2022-05-01,5.854387522481664,22.42476345900884,1.0259690194333098,7.238563520119523,6.820660846225589,5.322152827667779,3.11881532490382,56.662703437754544
2022-06-01,5.900131130155632,22.278206252751865,1.0047443269879452,7.195455344158383,6.771175655606253,5.257336469373955,3.090503331599734,56.30584658054682
2022-07-01,5.871920087343599,22.422354429370206,0.9847058812646885,7.245613749619609,6.806184486695364,5.253748051950982,3.1043196816858414,56.522880345725625
2022-08-01,5.859809397522511,22.595886573072157,0.9669809622878472,7.303652086775403,6.863276380259435,5.268601943034584,3.1074363792738837,56.832372548664075
2022-09-01,5.9461412487303935,22.72845224425936,0.9325449731397633,7.352133081594023,6.89340988401467,5.263508138832888,3.110057799268043,57.1096510643799
2022-10-01,5.99368619398012,22.79112427087198,0.9248914030449131,7.378178847598366,6.831640186010648,5.251636912112045,3.123315595719948,57.17048280615373
2022-11-01,6.01823911413054,22.973242948231277,0.8869118070992873,7.446485442346936,6.787768601909891,5.310470188297716,3.1564689195060556,57.46809836668406
2022-12-01,5.75,24.038,1.085,7.528,6.653,4.913,3.104,58.187
2023-01-01,5.752411676599088,24.001148103688646,1.1132699858427242,7.521020592594806,6.590981360368484,4.8944642312980795,3.0946317339020157,58.07820014292284
2023-02-01,5.812464219797538,24.02622544573412,1.1572789898070113,7.532595898123452,6.524179887905751,4.877839996797636,3.1113896905489518,58.175183596688186
2023-03-01,5.87145097784087,24.0509233029284,1.2363969964738275,7.5416947966379615,6.4697133788864996,4.87407398485446,3.1008834366037297,58.273675473972105
2023-04-01,5.884645560642186,24.046171584022783,1.2201259391528116,7.541699630511114,6.422031116617174,4.8538035538958075,3.1104020846549267,58.238436141846464
2023-05-01,5.915388092612078,24.107571645295927,1.24884574982319,7.557577218721589,6.399345216179559,4.835351334097274,3.1021350624348654,58.31726330826926
2023-06-01,5.9173394491132925,24.147859164089258,1.249413334549228,7.568704620818174,6.376224090772675,4.807630999187902,3.1107000192159084,58.32823738408595
2023-07-01,5.920433826187351,24.22003368183402,1.2395501437883065,7.584940723945765,6.346166506605637,4.809973676524962,3.1266850448495322,58.416212315150496
2023-08-01,5.951480528751487,24.217251261564027,1.1765232606201304,7.59039831991652,6.330113395081834,4.793947448799497,3.1121487818914533,58.34005579539971
2023-09-01,5.966483634939809,24.295287106835794,1.1821554523489017,7.613745945323949,6.323622678694355,4.7825787648131435,3.123888162471464,58.48916549477475
2023-10-01,6.050504211399651,24.417933254447064,1.1105816806810485,7.658017653594162,6.33880068870752,4.785602788392765,3.129460886496816,58.7033629245272
2023-11-01,6.127673963960103,24.59984472661487,1.06223762968903,7.714142313516763,6.37339926610352,4.800392292436816,3.1384527640672903,59.05481822767367
2023-12-01,6.294,25.44,1.338,7.671,6.515,5.039,3.269,60.899
2024-01-01,6.304111969674658,25.437063938434623,1.3874277560392696,7.655693448890584,6.542319258976851,5.032279231570712,3.2568814059879854,60.974449394891344
2024-02-01,6.389941944226628,25.38667271513768,1.4214407339076744,7.639548776946561,6.501053004560879,5.024533926144779,3.2476580381887823,60.95295984138392
2024-03-01,6.4807674289263915,25.317060839742233,1.4908981234759424,7.618444984321679,6.495226568674844,5.001340748951597,3.2288352800935294,60.966814974529335
2024-04-01,6.531341772290596,25.304749259904213,1.4978748476859012,7.610228270639946,6.487293001127426,4.994815820879754,3.22971049025754,60.972749138853395
2024-05-01,6.530558770638115,25.366293157206943,1.5168230787878176,7.622893587294781,6.4951388767621685,4.9986479996104825,3.217977598415806,61.05062524764788
2024-06-01,6.486692623896787,25.433335545009793,1.5075347655295472,7.6394376095632825,6.504927353554378,4.998181012561972,3.2182913710123016,61.13050984202339
2024-07-01,6.459316803026464,25.493694960974874,1.4978659007369073,7.662583782017625,6.477283659205988,4.999405373686912,3.227804265440772,61.18543286325489
2024-08-01,6.45957208224893,25.599375241148508,1.4856320488038912,7.686316820878122,6.48046708810686,5.004143486694752,3.227972794805566,61.32760638356598
2024-09-01,6.5204634624509215,25.661923096584054,1.426488665249288,7.703050116581377,6.506237325696374,4.998153895560799,3.211217709850355,61.43152897808957
2024-10-01,6.579000761595676,25.74811628964235,1.3761397271071552,7.7225127164052685,6.524091279254957,4.984435862121742,3.231375505133568,61.57185237311197
2024-11-01,6.585926957482437,25.83562907845171,1.3635742067351986,7.749766899271044,6.542050977059572,4.975640960479634,3.25613279631005,61.72836782450008
2024-12-01,6.305,25.083,1.292,7.499,6.747,4.98,3.45,60.705
2025-01-01,6.3542088121089755,25.003396191651124,1.333552927160593,7.473807897307906,6.724483820692422,4.965367702285078,3.4702661927360423,60.65392819134759
2025-02-01,6.3269188749473875,24.956732382701297,1.366224266570205,7.459762683078669,6.713389107447552,4.9605276723911444,3.4818143304437523,60.625485622940886
2025-03-01,6.270135394824133,24.98256980229419,1.3744840605974527,7.463693401712618,6.735901931973047,4.9594617173325215,3.476959679419865,60.63947256132428
2025-04-01,6.2880533365912905,24.972619120234683,1.3982186276962052,7.4604742850562005,6.740899812150105,4.935351886228075,3.4587635575398186,60.64255837085
2025-05-01,6.303030421304747,24.985524176210056,1.4224022315739762,7.45768421588595,6.735989723476231,4.929114661007664,3.4458821921212603,60.67346891547851
2025-06-01,6.277094430645881,24.97400726394724,1.3859304238284482,7.447699324516782,6.750355596160413,4.919052448867585,3.44013743500666,60.6019051121492
2025-07-01,6.256349868411672,25.004610216260595,1.3624230755646496,7.451786419966394,6.7802379638824,4.9186288060225705,3.4517529100412,60.64759938074554
2025-08-01,6.242216193276856,25.034605674015246,1.3623083543545342,7.45589839357954,6.764974312945674,4.907848526396244,3.436678519417582,60.63485358586894
2025-09-01,6.23701547920512,25.0208754767062,1.3396964551974004,7.457933582353915,6.762602139842789,4.899405081114663,3.4408177840645875,60.60953431653795
2025-11-01,6.264812463996142,25.159205488112548,1.2327518300884883,7.491663173541407,6.779292585826789,4.943513089885555,3.4324829081624526,60.8050358892982
2025-12-01,6.315,25.23,1.289,7.84,6.935,5.027,3.226,60.744
2026-01-01,6.372393181928334,25.19931006950549,1.318918453871589,7.829752636058534,6.953622760145388,5.028512206564688,3.226522933565057,60.81673851356738
2026-02-01,6.399375254199462,25.126332356155796,1.36289955139025,7.800767100588681,6.956043123908981,5.017931922733439,3.2051425487753376,60.75855430352307
2026-03-01,6.40457707139599,24.92594061770069,1.4104687351743095,7.732129726993218,6.893770778371317,4.974911242894591,3.1600304774739794,60.34846645042831
2026-04-01,6.400591982068855,24.831819393069278,1.4547810280072295,7.704437142064818,6.832013808087977,4.928461006710009,3.135992501529786,60.15795868111771
2026-05-01,6.377521714994118,24.744546337405506,1.4831658693806913,7.679331455775073,6.821135780604412,4.940430188718581,3.1319196760511394,60.024815898025786
2026-06-01,6.3524839966892666,24.888153052365237,1.4506850468733818,7.716013072311773,6.840491277324619,4.919171873618628,3.1513651121278174,60.21744814213671
