date,idecs,iers,itua,pcucst,pcuhsro,pcums,pcuserh
1956-01-01,,,,22.8,,16.1,
1956-02-01,,,,22.7,,16.0,
1956-03-01,,,,22.8,,16.2,
1956-04-01,,,,22.8,,16.2,
1956-05-01,,,,23.0,,16.2,
1956-06-01,,,,23.0,,16.3,
1956-07-01,,,,23.0,,16.3,
1956-08-01,,,,23.0,,16.4,
1956-09-01,,,,23.1,,16.5,
1956-10-01,,,,23.2,,16.5,
1956-11-01,,,,23.2,,16.6,
1956-12-01,,,,23.3,,16.6,
1957-01-01,,,,23.5,,16.7,
1957-02-01,,,,23.7,,16.7,
1957-03-01,,,,23.7,,16.8,
1957-04-01,,,,23.8,,16.9,
1957-05-01,,,,23.9,,16.9,
1957-06-01,,,,24.0,,17.0,
1957-07-01,,,,24.2,,17.1,
1957-08-01,,,,24.4,,17.1,
1957-09-01,,,,24.4,,17.1,
1957-10-01,,,,24.5,,17.2,
1957-11-01,,,,24.7,,17.3,
1957-12-01,,,,24.7,,17.4,
1958-01-01,,,,24.9,,17.5,
1958-02-01,,,,25.4,,17.5,
1958-03-01,,,,25.4,,17.6,
1958-04-01,,,,25.5,,17.6,
1958-05-01,,,,25.5,,17.7,
1958-06-01,,,,25.7,,17.8,
1958-07-01,,,,25.7,,17.9,
1958-08-01,,,,25.8,,17.9,
1958-09-01,,,,25.8,,18.1,
1958-10-01,,,,25.9,,18.2,
1958-11-01,,,,26.0,,18.2,
1958-12-01,,,,26.0,,18.3,
1959-01-01,,,,26.2,,18.3,
1959-02-01,,,,26.1,,18.4,
1959-03-01,,,,26.2,,18.5,
1959-04-01,,,,26.3,,18.6,
1959-05-01,,,,26.4,,18.6,
1959-06-01,,,,26.4,,18.7,
1959-07-01,,,,26.6,,18.7,
1959-08-01,,,,26.7,,18.8,
1959-09-01,,,,26.8,,18.9,
1959-10-01,,,,26.8,,19.0,
1959-11-01,,,,26.9,,19.0,
1959-12-01,,,,26.9,,19.1,
1960-01-01,,,,26.9,,19.1,
1960-02-01,,,,26.9,,19.2,
1960-03-01,,,,27.0,,19.3,
1960-04-01,,,,27.0,,19.4,
1960-05-01,,,,27.1,,19.4,
1960-06-01,,,,27.2,,19.5,
1960-07-01,,,,27.2,,19.5,
1960-08-01,,,,27.3,,19.6,
1960-09-01,,,,27.4,,19.6,
1960-10-01,,,,27.4,,19.7,
1960-11-01,,,,27.6,,19.8,
1960-12-01,,,,27.5,,19.8,
1961-01-01,,,,27.6,,19.9,
1961-02-01,,,,27.6,,20.0,
1961-03-01,,,,27.6,,20.0,
1961-04-01,,,,27.7,,20.1,
1961-05-01,,,,27.7,,20.1,
1961-06-01,,,,27.8,,20.2,
1961-07-01,,,,27.8,,20.3,
1961-08-01,,,,27.9,,20.3,
1961-09-01,,,,28.0,,20.3,
1961-10-01,,,,28.0,,20.4,
1961-11-01,,,,28.0,,20.5,
1961-12-01,,,,28.1,,20.6,
1962-01-01,,,,28.1,,20.6,
1962-02-01,,,,28.2,,20.6,
1962-03-01,,,,28.2,,20.7,
1962-04-01,,,,28.3,,20.7,
1962-05-01,,,,28.3,,20.8,
1962-06-01,,,,28.3,,20.9,
1962-07-01,,,,28.4,,20.9,
1962-08-01,,,,28.4,,21.0,
1962-09-01,,,,28.2,,21.0,
1962-10-01,,,,28.2,,21.0,
1962-11-01,,,,28.2,,21.1,
1962-12-01,,,,28.2,,21.2,
1963-01-01,,,,28.2,,21.3,
1963-02-01,,,,28.3,,21.3,
1963-03-01,,,,28.4,,21.3,
1963-04-01,,,,28.4,,21.3,
1963-05-01,,,,28.5,,21.4,
1963-06-01,,,,28.6,,21.5,
1963-07-01,,,,28.6,,21.5,
1963-08-01,,,,28.7,,21.6,
1963-09-01,,,,28.8,,21.6,
1963-10-01,,,,28.8,,21.6,
1963-11-01,,,,28.9,,21.7,
1963-12-01,,,,29.0,,21.7,
1964-01-01,,,,29.0,,21.7,
1964-02-01,,,,29.0,,21.8,
1964-03-01,,,,29.0,,21.8,
1964-04-01,,,,29.0,,21.9,
1964-05-01,,,,29.1,,22.0,
1964-06-01,,,,29.1,,22.0,
1964-07-01,,,,29.2,,22.0,
1964-08-01,,,,29.3,,22.1,
1964-09-01,,,,29.3,,22.1,
1964-10-01,,,,29.4,,22.2,
1964-11-01,,,,29.6,,22.2,
1964-12-01,,,,29.7,,22.3,
1965-01-01,,,,29.8,,22.3,
1965-02-01,,,,30.0,,22.4,
1965-03-01,,,,30.0,,22.5,
1965-04-01,,,,30.1,,22.5,
1965-05-01,,,,30.2,,22.6,
1965-06-01,,,,30.2,,22.7,
1965-07-01,,,,30.3,,22.8,
1965-08-01,,,,30.4,,22.8,
1965-09-01,,,,30.6,,22.8,
1965-10-01,,,,30.8,,22.9,
1965-11-01,,,,30.8,,23.0,
1965-12-01,,,,30.9,,23.1,
1966-01-01,,,,31.0,,23.1,
1966-02-01,,,,31.1,,23.2,
1966-03-01,,,,31.1,,23.3,
1966-04-01,,,,31.2,,23.4,
1966-05-01,,,,31.2,,23.6,
1966-06-01,,,,31.3,,23.7,
1966-07-01,,,,31.8,,23.9,
1966-08-01,,,,31.9,,24.1,
1966-09-01,,,,32.0,,24.3,
1966-10-01,,,,32.1,,24.6,
1966-11-01,,,,32.1,,24.8,
1966-12-01,,,,32.2,,24.9,
1967-01-01,,,,32.2,,25.1,
1967-02-01,,,,32.3,,25.3,
1967-03-01,,,,32.3,,25.5,
1967-04-01,,,,32.4,,25.6,
1967-05-01,,,,32.4,,25.8,
1967-06-01,,,,32.6,,25.9,
1967-07-01,,,,32.6,,26.1,
1967-08-01,,,,32.7,,26.2,
1967-09-01,,,,32.8,,26.4,
1967-10-01,,,,32.9,,26.6,
1967-11-01,,,,33.1,,26.8,
1967-12-01,,,,33.2,,26.9,
1968-01-01,,,,33.4,,27.1,
1968-02-01,,,,33.5,,27.2,
1968-03-01,,,,33.7,,27.4,
1968-04-01,,,,33.7,,27.5,
1968-05-01,,,,33.7,,27.7,
1968-06-01,,,,33.9,,27.8,
1968-07-01,,,,33.9,,27.9,
1968-08-01,,,,34.0,,28.0,
1968-09-01,,,,34.0,,28.2,
1968-10-01,,,,34.2,,28.5,
1968-11-01,,,,34.4,,28.7,
1968-12-01,,,,34.9,,28.9,
1969-01-01,,,,35.4,,29.1,
1969-02-01,,,,35.5,,29.3,
1969-03-01,,,,35.8,,29.6,
1969-04-01,,,,35.9,,29.8,
1969-05-01,,,,36.0,,30.0,
1969-06-01,,,,36.2,,30.2,
1969-07-01,,,,36.3,,30.3,
1969-08-01,,,,36.4,,30.5,
1969-09-01,,,,36.6,,30.7,
1969-10-01,,,,36.9,,30.6,
1969-11-01,,,,37.1,,30.8,
1969-12-01,,,,37.7,,30.9,
1970-01-01,,,,38.9,,31.1,
1970-02-01,,,,39.1,,31.3,
1970-03-01,,,,39.3,,31.6,
1970-04-01,,,,39.5,,31.8,
1970-05-01,,,,39.7,,32.0,
1970-06-01,,,,40.0,,32.3,
1970-07-01,,,,40.3,,32.4,
1970-08-01,,,,40.4,,32.7,
1970-09-01,,,,40.8,,32.9,
1970-10-01,,,,41.1,,33.0,
1970-11-01,,,,41.5,,33.2,
1970-12-01,,,,41.6,,33.5,
1971-01-01,,,,42.3,,33.7,
1971-02-01,,,,42.9,,33.9,
1971-03-01,,,,43.1,,34.1,
1971-04-01,,,,43.4,,34.3,
1971-05-01,,,,43.4,,34.5,
1971-06-01,,,,43.8,,34.7,
1971-07-01,,,,43.9,,34.9,
1971-08-01,,,,43.8,,35.1,
1971-09-01,,,,43.7,,35.2,
1971-10-01,,,,43.7,,35.0,
1971-11-01,,,,43.8,,35.1,
1971-12-01,,,,43.9,,35.2,
1972-01-01,,,,44.3,,35.4,
1972-02-01,,,,44.3,,35.5,
1972-03-01,,,,44.2,,35.6,
1972-04-01,,,,44.3,,35.7,
1972-05-01,,,,44.3,,35.8,
1972-06-01,,,,44.4,,35.9,
1972-07-01,,,,44.5,,36.0,
1972-08-01,,,,44.5,,36.0,
1972-09-01,,,,44.5,,36.1,
1972-10-01,,,,44.5,,36.4,
1972-11-01,,,,44.5,,36.5,
1972-12-01,,,,44.6,,36.6,
1973-01-01,,,,44.4,,36.7,
1973-02-01,,,,44.4,,36.8,
1973-03-01,,,,44.5,,36.9,
1973-04-01,,,,44.6,,37.1,
1973-05-01,,,,44.6,,37.3,
1973-06-01,,,,44.7,,37.4,
1973-07-01,,,,44.7,,37.4,
1973-08-01,,,,44.8,,37.5,
1973-09-01,,,,44.8,,37.7,
1973-10-01,,,,44.9,,38.5,
1973-11-01,,,,44.9,,38.6,
1973-12-01,,,,45.1,,38.7,
1974-01-01,,,,45.3,,38.9,
1974-02-01,,,,45.4,,39.3,
1974-03-01,,,,45.5,,39.6,
1974-04-01,,,,45.7,,39.9,
1974-05-01,,,,45.9,,40.4,
1974-06-01,,,,46.2,,41.1,
1974-07-01,,,,46.4,,41.6,
1974-08-01,,,,46.6,,42.3,
1974-09-01,,,,46.8,,42.7,
1974-10-01,,,,47.0,,43.1,
1974-11-01,,,,47.3,,43.5,
1974-12-01,,,,47.7,,43.9,
1975-01-01,,,,47.8,,44.4,
1975-02-01,,,,48.1,,44.9,
1975-03-01,,,,48.3,,45.4,
1975-04-01,,,,48.8,,45.8,
1975-05-01,,,,48.8,,46.1,
1975-06-01,,,,49.1,,46.5,
1975-07-01,,,,49.4,,46.9,
1975-08-01,,,,49.6,,47.2,
1975-09-01,,,,50.9,,47.6,
1975-10-01,,,,51.3,,48.0,
1975-11-01,,,,52.8,,47.9,
1975-12-01,,,,53.3,,48.4,
1976-01-01,,,,54.5,,48.8,
1976-02-01,,,,55.1,,49.4,
1976-03-01,,,,55.8,,49.9,
1976-04-01,,,,56.0,,50.3,
1976-05-01,,,,56.2,,50.6,
1976-06-01,,,,56.5,,51.0,
1976-07-01,,,,57.0,,51.5,
1976-08-01,,,,57.3,,51.9,
1976-09-01,,,,57.9,,52.3,
1976-10-01,,,,58.4,,52.5,
1976-11-01,,,,58.8,,53.2,
1976-12-01,,,,59.0,,53.6,
1977-01-01,,,,59.4,,53.9,
1977-02-01,,,,59.8,,54.2,
1977-03-01,,,,60.3,,54.9,
1977-04-01,,,,60.9,,55.4,
1977-05-01,,,,61.2,,55.9,
1977-06-01,,,,61.6,,56.3,
1977-07-01,,,,61.8,,56.7,
1977-08-01,,,,62.0,,57.1,
1977-09-01,,,,62.4,,57.6,
1977-10-01,,,,62.5,,57.7,
1977-11-01,,,,62.7,,58.0,
1977-12-01,,,,63.0,,58.3,
1978-01-01,,,,63.3,,58.7,
1978-02-01,,,,63.5,,59.3,
1978-03-01,,,,63.5,,59.6,
1978-04-01,,,,63.7,,60.1,
1978-05-01,,,,63.8,,60.6,
1978-06-01,,,,64.0,,60.9,
1978-07-01,,,,64.3,,61.3,
1978-08-01,,,,64.4,,61.9,
1978-09-01,,,,64.9,,62.2,
1978-10-01,,,,65.4,,62.8,
1978-11-01,,,,66.0,,63.3,
1978-12-01,,,,66.4,,63.7,
1979-01-01,,,,66.7,,64.4,
1979-02-01,,,,67.0,,64.8,
1979-03-01,,,,67.4,,65.3,
1979-04-01,,,,67.9,,65.8,
1979-05-01,,,,68.4,,66.3,
1979-06-01,,,,68.8,,66.8,
1979-07-01,,,,69.4,,67.4,
1979-08-01,,,,70.1,,67.9,
1979-09-01,,,,70.7,,68.4,
1979-10-01,,,,71.3,,69.0,
1979-11-01,,,,72.3,,69.5,
1979-12-01,,,,73.2,,70.3,
1980-01-01,,,,74.1,,71.2,
1980-02-01,,,,74.9,,72.1,
1980-03-01,,,,76.1,,72.9,
1980-04-01,,,,77.7,,73.5,
1980-05-01,,,,78.8,,74.1,
1980-06-01,,,,79.1,,74.6,
1980-07-01,,,,79.6,,75.0,
1980-08-01,,,,80.5,,75.4,
1980-09-01,,,,81.4,,76.1,
1980-10-01,,,,81.9,,76.7,
1980-11-01,,,,82.7,,77.1,
1980-12-01,,,,83.6,,77.5,
1981-01-01,,,,84.5,,78.4,
1981-02-01,,,,85.0,,78.9,
1981-03-01,,,,85.6,,79.7,
1981-04-01,,,,86.3,,80.4,
1981-05-01,,,,87.0,,81.2,
1981-06-01,,,,88.0,,82.0,
1981-07-01,,,,89.8,,83.1,
1981-08-01,,,,90.0,,84.2,
1981-09-01,,,,90.6,,84.9,
1981-10-01,,,,91.7,,85.8,
1981-11-01,,,,92.4,,86.7,
1981-12-01,,,,92.8,,87.4,
1982-01-01,,,,93.5,,88.1,
1982-02-01,,,,93.9,,88.7,
1982-03-01,,,,94.3,,89.5,
1982-04-01,,,,94.8,,90.4,
1982-05-01,,,,95.1,,91.3,
1982-06-01,,,,96.2,,92.2,
1982-07-01,,,,97.0,,93.1,
1982-08-01,,,,97.2,,93.9,
1982-09-01,,,,97.5,,94.8,
1982-10-01,,,,98.1,,95.5,
1982-11-01,,,,97.9,,96.5,
1982-12-01,,,,97.7,,97.3,
1983-01-01,,,,98.0,,98.0,
1983-02-01,,,,97.9,,98.9,1.0
1983-03-01,,,,97.9,,99.1,1.001093396130842
1983-04-01,,,,98.2,,99.4,1.00529986742887
1983-05-01,,,,98.3,,99.9,1.009283543379892
1983-06-01,,,,98.4,,100.4,1.0121506457597145
1983-07-01,,,,98.7,,100.8,1.0165974426094793
1983-08-01,,,,99.2,,101.4,1.0200485085631483
1983-09-01,,,,99.7,,101.8,1.0239601305151835
1983-10-01,,,,100.5,,102.3,1.0317315707139825
1983-11-01,,,,101.2,,102.8,1.0378069318815997
1983-12-01,,,,101.4,,103.3,1.040089303454163
1984-01-01,,,,102.5,,103.9,1.0505390129302379
1984-02-01,,,,102.6,,104.9,1.056612312755115
1984-03-01,,,,102.9,,105.1,1.0596753378906933
1984-04-01,,,,103.1,,105.6,1.0623514440444313
1984-05-01,,,,103.7,,106.0,1.066067146245179
1984-06-01,,,,104.3,,106.5,1.0718733845331752
1984-07-01,,,,104.9,,107.0,1.0772443444019213
1984-08-01,,,,105.7,,107.4,1.0817397116272869
1984-09-01,,,,105.9,,107.8,1.0872306451637492
1984-10-01,,,,106.9,,108.4,1.0936171242644548
1984-11-01,,,,107.4,,108.9,1.0983786210384678
1984-12-01,,,,107.7,,109.4,1.1011726058552287
1985-01-01,,,,108.0,,109.8,1.105935399306648
1985-02-01,,,,108.3,,110.3,1.1088772414673698
1985-03-01,,,,108.7,,111.0,1.115264432429666
1985-04-01,,,,109.0,,111.5,1.1184474293731548
1985-05-01,,,,109.3,,112.2,1.1238948005180796
1985-06-01,,,,109.6,,112.8,1.1294344366259113
1985-07-01,,,,110.0,,113.5,1.1368174522802605
1985-08-01,,,,110.4,,114.1,1.1400214992970963
1985-09-01,,,,110.5,,114.7,1.143472098726165
1985-10-01,,,,111.3,,115.3,1.1490603749594062
1985-11-01,,,,112.2,,116.1,1.1568364332504324
1985-12-01,,,,112.7,,116.8,1.1604324037517162
1986-01-01,,,,113.5,,117.6,1.1672358720392964
1986-02-01,,,,114.3,,118.4,1.174420986281449
1986-03-01,,,,114.9,,119.3,1.1797227104522383
1986-04-01,,,,115.2,,120.1,1.1843928846067673
1986-05-01,,,,115.4,,120.9,1.188375645244698
1986-06-01,,,,116.1,,121.6,1.1944494729834265
1986-07-01,,,,116.7,,122.2,1.198991895647329
1986-08-01,,,,117.0,,123.0,1.2039715363474217
1986-09-01,,,,116.8,,123.8,1.208879532291133
1986-10-01,,,,117.6,,124.6,1.2157317548770525
1986-11-01,,,,118.5,,125.4,1.2204941481301985
1986-12-01,,,,119.3,,126.1,1.226104876484364
1987-01-01,,,,119.8,,126.6,1.2280014590036339
1987-02-01,,,,119.9,,127.1,1.2327249526893147
1987-03-01,,,,120.3,,127.6,1.233349249808394
1987-04-01,,,,120.9,,128.5,1.241134860934142
1987-05-01,,,,121.1,,129.1,1.24685720150907
1987-06-01,,,,121.4,,129.8,1.2494375154613544
1987-07-01,,,,121.8,,130.4,1.256414691285548
1987-08-01,,,,122.3,,131.0,1.2607048579910098
1987-09-01,,,,123.1,,131.6,1.266944356804992
1987-10-01,,,,123.4,,132.1,1.2727283883564595
1987-11-01,,,,124.0,,132.6,1.2766015818767673
1987-12-01,,,,124.3,,133.1,1.2793457785953706
1988-01-01,,,,124.6,,134.1,1.2833036222187764
1988-02-01,,,,124.8,,135.0,1.2890273102742673
1988-03-01,,,,125.3,,135.6,1.295266038177987
1988-04-01,,,,125.9,,136.4,1.3037888614681192
1988-05-01,,,,126.9,,137.3,1.3102688142056196
1988-06-01,,,,127.7,,138.1,1.314991468668174
1988-07-01,,,,128.3,,138.9,1.3186676918921796
1988-08-01,,,,129.2,,139.5,1.3251971298108736
1988-09-01,,,,130.0,,140.2,1.3296797248479773
1988-10-01,,,,130.6,,141.0,1.3379247201682942
1988-11-01,,,,131.2,,141.6,1.3411260935422946
1988-12-01,,,,131.8,,142.3,1.3494229698740314
1989-01-01,,,128.0,132.3,,143.5,1.3546633414280609
1989-02-01,,,128.6,132.9,,144.7,1.362709636783179
1989-03-01,,,128.8,133.7,,145.5,1.370479175210134
1989-04-01,,,129.7,134.4,,146.3,1.3739168127997485
1989-05-01,,,130.5,135.3,,147.0,1.3819754298544293
1989-06-01,,,132.0,136.0,,148.1,1.3897796639770852
1989-07-01,,,133.0,136.1,,149.2,1.3965513590477008
1989-08-01,,,133.8,136.6,,150.3,1.402323571910709
1989-09-01,,,134.1,137.0,,151.4,1.404192851082876
1989-10-01,,,134.8,137.6,,152.4,1.4100083274602546
1989-11-01,,,134.4,137.6,,153.7,1.417056828930956
1989-12-01,,,133.1,138.1,,154.6,1.4233114437477004
1990-01-01,,,134.8,139.2,,155.7,1.4321317265339975
1990-02-01,,,138.2,140.1,,156.7,1.4408886962811942
1990-03-01,,,141.0,141.1,,158.0,1.4493077430816539
1990-04-01,,,144.1,142.3,,159.3,1.4586330777881737
1990-05-01,,,145.9,142.6,,160.6,1.466917648593416
1990-06-01,,,147.9,143.6,,161.8,1.4732781606385592
1990-07-01,,,148.8,144.6,,163.3,1.484438870149213
1990-08-01,,,149.9,145.1,,164.8,1.49793782602734
1990-09-01,,,152.8,146.3,,165.9,1.504937279316238
1990-10-01,,,156.6,147.5,,167.3,1.5145148543999498
1990-11-01,,,159.3,148.4,,168.8,1.5248106646163884
1990-12-01,,,162.8,149.3,,169.9,1.5321054184702623
1991-01-01,,,163.2,149.7,,171.1,1.5462897123002919
1991-02-01,,,164.5,150.3,,172.3,1.5538184683016147
1991-03-01,,,159.4,150.0,,173.3,1.5613218595183476
1991-04-01,,,151.9,149.1,,174.4,1.5624779112042373
1991-05-01,,,151.6,149.7,,175.2,1.5687150522708253
1991-06-01,,,153.9,150.7,,176.4,1.5754418448435905
1991-07-01,,,153.8,151.3,,177.4,1.5834908671017613
1991-08-01,,,155.8,152.4,,178.8,1.5935008939105377
1991-09-01,,,153.3,152.7,,179.9,1.5995473672080078
1991-10-01,,,150.2,152.2,,180.9,1.603187182788039
1991-11-01,,,150.6,152.6,,182.0,1.6099594042684782
1991-12-01,,,153.1,153.3,,183.4,1.6169762361973914
1992-01-01,,,156.0,153.5,,184.5,1.6242264198774579
1992-02-01,,,154.7,153.5,,185.8,1.629418346470745
1992-03-01,,,158.8,154.3,,186.9,1.6352251706816112
1992-04-01,,,160.7,155.5,,188.0,1.644652745728658
1992-05-01,,,155.5,155.4,,189.0,1.649843953115525
1992-06-01,,,145.4,154.7,,190.0,1.6537609397052242
1992-07-01,,,150.1,155.5,,191.1,1.66100776804158
1992-08-01,,,147.8,155.5,,192.1,1.666168056372487
1992-09-01,,,146.1,155.4,,193.1,1.6707799598207624
1992-10-01,,,157.6,157.5,,194.3,1.6812147650912899
1992-11-01,,,164.5,158.3,,195.3,1.6885056014893893
1992-12-01,,,165.7,158.7,,196.2,1.6934270613276354
1993-01-01,,,170.7,159.7,,197.4,1.7007298767169943
1993-02-01,,,174.4,160.8,,198.5,1.7082125888252353
1993-03-01,,,173.4,160.5,,199.2,1.7107910405282576
1993-04-01,,,172.1,161.0,,200.5,1.7183686146959662
1993-05-01,,,176.3,162.3,,202.0,1.7276522992756627
1993-06-01,,,174.7,162.6,,202.9,1.7323761152538957
1993-07-01,,,179.6,163.2,,203.8,1.7377659621996675
1993-08-01,,,179.8,163.9,,204.4,1.744004483064601
1993-09-01,,,180.8,164.0,,205.3,1.7514822008740103
1993-10-01,,,180.8,164.4,,206.3,1.756676232866418
1993-11-01,,,188.3,165.7,,207.0,1.76545091362667
1993-12-01,,,193.8,166.4,,207.7,1.7722242332731375
1994-01-01,,,191.5,166.5,,208.4,1.7766589240678214
1994-02-01,,,191.8,167.0,,209.2,1.7816704259231582
1994-03-01,,,195.5,168.2,,210.1,1.788200330483475
1994-04-01,,,192.3,168.2,,211.2,1.7925819595065373
1994-05-01,,,182.1,167.2,,212.0,1.7934044777338953
1994-06-01,,,182.3,168.0,,212.8,1.7998382707494567
1994-07-01,,,184.7,168.6,,213.7,1.8045462077761292
1994-08-01,,,187.4,169.4,,214.7,1.8108520888843298
1994-09-01,,,185.2,169.6,,215.7,1.8132910692562165
1994-10-01,,,179.9,169.5,,216.8,1.8194988566566148
1994-11-01,,,177.8,170.1,,217.7,1.8257402467326316
1994-12-01,,,175.3,170.8,,218.8,1.8314096866119214
1995-01-01,,,179.5,172.1,,219.7,1.8422930554942532
1995-02-01,,,181.4,172.9,,220.7,1.8490200739228546
1995-03-01,,,188.5,174.7,,221.5,1.8588361707096055
1995-04-01,,,191.2,176.0,,222.2,1.866363643463569
1995-05-01,,,191.2,176.0,,222.9,1.8713301625536078
1995-06-01,,,200.4,177.2,,223.7,1.877054835703768
1995-07-01,,,199.2,177.0,,224.5,1.88124672995919
1995-08-01,,,191.6,176.5,,225.5,1.883117685043617
1995-09-01,,,189.7,176.8,,226.4,1.89088657311361
1995-10-01,,,193.7,177.7,,227.0,1.8971410974581093
1995-11-01,,,191.5,177.6,,227.7,1.9005730334363977
1995-12-01,,,178.4,176.0,,228.4,1.8998951798258497
1996-01-01,,,179.4,176.7,,229.2,1.9084392535886066
1996-02-01,,,188.4,178.0,,229.7,1.9174953329526343
1996-03-01,,,187.9,177.6,,230.3,1.921171684908752
1996-04-01,,,187.7,178.3,,230.9,1.9243161136032305
1996-05-01,,,189.2,179.3,,231.5,1.9338917491445968
1996-06-01,,,192.1,180.3,,232.1,1.940650362308913
1996-07-01,,,192.9,180.3,,232.8,1.9458901920676974
1996-08-01,,,190.9,181.2,,233.3,1.9526122302705369
1996-09-01,,,196.0,182.5,,233.9,1.958851328187877
1996-10-01,,,200.1,182.9,,234.4,1.9653360056751157
1996-11-01,,,200.1,183.5,,235.3,1.9715791275767744
1996-12-01,,,204.7,184.7,,235.6,1.9767777366555055
1997-01-01,,,198.1,183.7,,236.2,1.9802034131112851
1997-02-01,,,192.9,182.9,,236.5,1.981583601720558
1997-03-01,,,201.6,184.1,,237.3,1.9906251529982288
1997-04-01,,,204.1,184.7,,237.8,1.9958660275495215
1997-05-01,,,201.5,184.9,,238.4,1.9993027672007688
1997-06-01,,,199.1,184.9,,238.8,2.005301029841019
1997-07-01,,,203.6,185.5,,239.1,2.0100243076454247
1997-08-01,,,194.0,184.8,,239.7,2.0114123119843788
1997-09-01,,,198.0,185.6,,240.2,2.0153631553010243
1997-10-01,,,205.5,186.7,,240.8,2.0244142318014124
1997-11-01,,,197.5,186.0,,241.7,2.02708722526047
1997-12-01,,,194.8,186.5,108.0,242.6,2.0325696278791017
1998-01-01,,,200.1,187.4,107.7,242.8,2.040271836422999
1998-02-01,,,206.6,187.7,107.8,243.6,2.0444319566060276
1998-03-01,,,210.7,187.9,107.3,244.3,2.048803197243717
1998-04-01,,,210.1,187.8,107.9,245.0,2.0540051351884117
1998-05-01,,,205.0,187.6,108.8,245.8,2.059206731284786
1998-06-01,,,200.9,187.3,108.3,246.5,2.059212599593135
1998-07-01,,,207.3,187.6,107.6,247.3,2.062234209057301
1998-08-01,,,207.8,188.1,108.7,248.0,2.0671270751305433
1998-09-01,,,206.0,187.9,110.3,248.6,2.074505901116127
1998-10-01,,,205.2,188.0,110.3,249.4,2.0766914645228796
1998-11-01,,,200.8,188.3,111.7,249.9,2.0849056295811823
1998-12-01,,,202.8,188.8,112.3,250.5,2.089065370194385
1999-01-01,,,206.4,189.2,110.2,251.2,2.088838202395683
1999-02-01,,,211.4,189.1,109.8,252.0,2.0919582043452185
1999-03-01,,,221.3,190.0,110.5,252.5,2.098299675024673
1999-04-01,,,225.8,190.5,112.0,253.1,2.106505868306389
1999-05-01,,,220.2,190.2,111.6,253.9,2.1084870507893596
1999-06-01,,,209.7,189.4,111.9,254.6,2.109115727499764
1999-07-01,,,223.3,190.8,112.8,255.4,2.117639798802373
1999-08-01,,,217.2,190.5,112.7,256.0,2.1196213687988634
1999-09-01,,,213.6,190.5,114.2,256.8,2.1256522125791055
1999-10-01,,,224.9,191.9,113.8,257.5,2.133139915996531
1999-11-01,,,226.4,192.8,113.7,258.3,2.141466551455354
1999-12-01,,,224.9,193.2,114.3,259.4,2.146463951960314
2000-01-01,,,221.8,193.4,115.4,260.1,2.155294687986785
2000-02-01,,,230.2,193.6,115.0,261.3,2.1564285178645544
2000-03-01,,,240.7,194.4,116.9,262.6,2.166515852451314
2000-04-01,,,239.5,194.7,116.7,263.4,2.1706770745234896
2000-05-01,,,241.3,195.5,116.9,264.3,2.1780571886200066
2000-06-01,,,245.0,196.0,118.0,265.6,2.186479235416879
2000-07-01,,,246.8,196.1,118.3,266.6,2.1940735203049164
2000-08-01,,,250.4,197.5,118.2,267.9,2.20301459347888
2000-09-01,,,244.9,197.8,118.5,269.0,2.2048999844753063
2000-10-01,,,236.3,197.2,119.1,269.9,2.2086468050623456
2000-11-01,,,238.0,198.2,119.4,270.4,2.2157203710563524
2000-12-01,,,238.2,198.7,117.3,271.3,2.2172668047233732
2001-01-01,,,239.0,199.7,118.6,273.0,2.230081809408858
2001-02-01,,,242.0,200.3,119.4,274.1,2.2360100396260503
2001-03-01,,,238.6,199.7,120.1,275.2,2.242149783189228
2001-04-01,,,235.5,199.8,118.7,276.3,2.2450751713767425
2001-05-01,,,237.5,200.1,118.9,277.2,2.248729411374763
2001-06-01,,,249.3,201.6,120.7,278.2,2.261721158569023
2001-07-01,,,248.8,202.0,119.3,278.7,2.265473304858075
2001-08-01,,,244.3,202.7,120.2,280.4,2.275453139425256
2001-09-01,,,242.5,203.3,117.4,281.3,2.2758962957787316
2001-10-01,,,236.4,203.7,115.1,282.5,2.277149045771548
2001-11-01,,,230.0,204.5,117.1,283.7,2.2893123237495834
2001-12-01,,,229.0,204.9,117.7,284.5,2.2932551860188495
2002-01-01,,,236.7,205.9,117.8,286.3,2.305264746052148
2002-02-01,,,235.3,206.7,119.6,286.9,2.315666554255666
2002-03-01,,,233.3,207.3,117.8,288.1,2.3166094853101846
2002-04-01,,,234.5,208.0,118.5,289.6,2.3225309153484828
2002-05-01,,,237.7,208.7,118.5,291.0,2.330223211115826
2002-06-01,,,231.3,208.6,117.7,291.6,2.3320623828430884
2002-07-01,,,227.5,208.8,116.9,293.7,2.340796442554805
2002-08-01,,,230.2,210.0,118.9,294.7,2.3540546480901834
2002-09-01,,,228.7,210.3,118.7,295.7,2.357498463632996
2002-10-01,,,225.7,210.9,117.8,297.7,2.3627085021404954
2002-11-01,,,227.8,211.8,119.1,299.2,2.3720593473742344
2002-12-01,,,230.0,212.5,118.6,300.3,2.377268641865014
2003-01-01,,,228.7,213.1,119.4,300.9,2.387396734010692
2003-02-01,,,228.5,213.6,117.9,301.4,2.390522195630195
2003-03-01,,,230.7,214.4,115.8,301.6,2.3908836993420928
2003-04-01,,,229.4,215.2,115.1,302.4,2.3930219761654437
2003-05-01,,,230.0,216.0,119.6,303.9,2.408819640466355
2003-06-01,,,231.3,216.6,119.2,305.1,2.4123995984154463
2003-07-01,,,232.6,217.1,119.8,306.3,2.4220183292641235
2003-08-01,,,233.4,217.1,120.2,307.3,2.426187161654999
2003-09-01,,,233.2,217.2,119.7,308.9,2.4313983683561884
2003-10-01,,,234.3,218.8,121.7,309.8,2.4431772035434083
2003-11-01,,,232.5,218.5,121.1,311.3,2.443971608816595
2003-12-01,,,230.4,218.2,122.4,312.9,2.4524159303836015
2004-01-01,,,232.5,219.5,122.3,314.0,2.4611373554162554
2004-02-01,,,232.4,219.7,119.7,315.6,2.4627583718699504
2004-03-01,,,231.7,219.9,123.9,317.2,2.47702842860443
2004-04-01,,,230.8,220.0,125.2,318.4,2.484587718056912
2004-05-01,,,227.2,219.7,126.6,319.4,2.490479128345855
2004-06-01,,,224.9,219.9,126.4,320.8,2.4954185481607385
2004-07-01,,,223.5,220.5,126.7,322.1,2.5015783135829817
2004-08-01,,,220.4,220.7,125.7,323.4,2.5042620445399053
2004-09-01,,,220.7,220.4,128.5,324.5,2.515888522785938
2004-10-01,,,223.8,221.3,128.9,325.7,2.5212781060511182
2004-11-01,,,230.9,222.6,128.4,326.8,2.5289329325011782
2004-12-01,,,227.9,222.3,128.4,328.3,2.532556560791699
2005-01-01,,,224.9,222.5,127.7,329.7,2.5388023048946913
2005-02-01,,,225.0,222.8,128.9,331.3,2.54732288535388
2005-03-01,,,228.6,223.6,134.2,332.9,2.5670830095040595
2005-04-01,,,233.9,224.5,132.2,334.2,2.569403536924669
2005-05-01,,,236.9,225.0,130.1,335.3,2.570087543894314
2005-06-01,,,237.9,225.5,129.9,336.2,2.5726747398975727
2005-07-01,,,239.7,225.9,130.3,337.8,2.579609414403797
2005-08-01,,,240.0,226.7,129.7,337.7,2.581517721484948
2005-09-01,,,240.9,227.4,125.6,338.9,2.581939404401845
2005-10-01,,,243.9,227.4,130.5,340.6,2.5968974916531824
2005-11-01,,,244.5,228.1,131.7,342.6,2.6099441981249782
2005-12-01,,,242.0,228.2,132.6,343.1,2.617693059063556
2006-01-01,,,244.6,229.0,132.9,343.1,2.6208446959055016
2006-02-01,,,244.4,229.2,133.8,344.8,2.6304473795341266
2006-03-01,,,244.7,229.3,136.3,346.3,2.641351366850298
2006-04-01,,,245.7,229.9,136.1,347.6,2.6489295462835023
2006-05-01,,,250.1,230.8,136.3,348.9,2.65653967407126
2006-06-01,,,251.5,231.2,135.5,350.2,2.6615592072311474
2006-07-01,,,252.9,231.4,135.7,351.2,2.6665573810450063
2006-08-01,,,253.2,231.6,136.3,352.6,2.6746161398477684
2006-09-01,,,252.0,232.0,135.7,353.8,2.6790568502510177
2006-10-01,,,248.1,232.1,136.7,355.0,2.6863655823752706
2006-11-01,,,239.1,231.3,137.9,356.6,2.6910640158197516
2006-12-01,,,239.4,231.3,138.2,357.4,2.6952170567807903
2007-01-01,,,245.422,232.078,139.003,359.851,2.704840270038221
2007-02-01,,,248.365,232.56,140.309,362.402,2.7152909656173705
2007-03-01,,,249.249,232.712,139.454,363.433,2.718856109705202
2007-04-01,,,248.959,232.592,140.859,364.84,2.728170903362248
2007-05-01,,,248.001,232.026,142.364,366.316,2.7378955336310513
2007-06-01,,,248.319,232.609,144.083,367.763,2.7468363811850973
2007-07-01,,,249.275,233.398,144.457,370.111,2.7547552451422375
2007-08-01,,,249.24,233.683,144.676,372.026,2.760593765259126
2007-09-01,,,251.882,234.566,144.575,373.531,2.7690882789573092
2007-10-01,,,257.047,235.382,144.299,375.689,2.778320074045463
2007-11-01,,,261.014,236.226,144.221,377.214,2.786062920128281
2007-12-01,,,264.299,236.971,144.645,378.636,2.7950979647683223
2008-01-01,,,266.547,238.17,145.914,380.089,2.807578892688777
2008-02-01,,,266.22,238.521,145.687,380.529,2.811470966022481
2008-03-01,,,274.246,240.136,147.658,381.211,2.8258188567634703
2008-04-01,,,274.173,240.542,143.703,382.144,2.8243413419718424
2008-05-01,,,283.328,242.568,143.801,383.745,2.8374420673211755
2008-06-01,,,294.645,244.987,143.277,384.749,2.8486881952060985
2008-07-01,,,300.857,246.46,143.579,385.496,2.8590829767999257
2008-08-01,,,302.057,247.814,143.156,386.557,2.868614298306242
2008-09-01,,,295.708,248.058,142.788,387.565,2.874537074392533
2008-10-01,,,284.76,247.806,141.951,388.269,2.876431809746857
2008-11-01,,,272.217,246.832,141.222,388.89,2.8760050633525647
2008-12-01,,,266.716,246.695,140.0,390.051,2.877584139653408
2009-01-01,,,263.284,247.831,139.624,391.333,2.8842681376984776
2009-02-01,,,256.319,248.703,138.275,392.266,2.888451562007111
2009-03-01,,,252.471,248.454,136.814,393.285,2.8898370178526163
2009-04-01,,,248.828,249.081,135.94,394.7,2.8908782962029322
2009-05-01,,,246.273,248.895,133.785,395.999,2.890166672580917
2009-06-01,,,244.658,248.503,132.235,396.799,2.8920504537483636
2009-07-01,,,252.107,250.113,129.99,398.036,2.896964655092837
2009-08-01,,,254.411,251.503,131.469,398.919,2.9092016864585197
2009-09-01,,,260.944,253.01,132.268,399.902,2.9188286664045697
2009-10-01,,,267.042,254.501,134.433,400.792,2.929708622231121
2009-11-01,,,273.984,255.701,133.144,402.295,2.933277948331965
2009-12-01,,,277.35,256.28,133.202,403.156,2.937551641026409
2010-01-01,100.083,100.46,273.454,256.323,131.746,404.972,2.9276763513553297
2010-02-01,100.205,100.305,270.971,257.05,131.761,406.672,2.932901300927186
2010-03-01,100.441,100.127,271.311,257.804,132.483,408.261,2.9392457472116944
2010-04-01,100.672,100.759,273.533,258.306,133.312,409.253,2.94758761045507
2010-05-01,100.829,101.055,275.82,258.969,134.012,409.547,2.9536102149943533
2010-06-01,100.982,101.452,277.651,259.454,134.095,410.74,2.959756100719408
2010-07-01,101.14,101.645,279.192,260.122,134.5,410.809,2.9649362957449408
2010-08-01,101.334,101.638,279.262,260.643,134.31,411.794,2.9693659621503024
2010-09-01,101.448,101.233,278.873,260.968,134.144,414.592,2.9735809105398103
2010-10-01,101.444,101.301,279.58,261.804,134.202,415.287,2.9772909216505297
2010-11-01,101.629,101.526,286.247,263.061,133.952,415.73,2.984363325036544
2010-12-01,101.552,101.312,293.446,263.509,135.329,416.718,2.9873032749037525
2011-01-01,101.688,101.522,301.088,265.218,135.937,417.162,2.995590618047135
2011-02-01,101.816,101.734,304.572,266.083,134.925,418.808,3.002521164307647
2011-03-01,101.94,101.816,306.515,267.278,135.132,419.386,3.0077085280142386
2011-04-01,102.05,101.898,302.541,266.841,135.354,420.691,3.011246647470119
2011-05-01,102.204,102.429,292.694,266.384,134.358,421.789,3.015185247920967
2011-06-01,102.407,102.435,294.743,267.114,137.184,422.609,3.0223490575083884
2011-07-01,102.496,102.372,304.773,268.279,139.958,424.055,3.0305792853018776
2011-08-01,102.952,102.677,316.044,270.018,138.946,425.162,3.041189393356122
2011-09-01,103.116,102.76,314.655,270.277,138.705,426.035,3.0458347685997484
2011-10-01,103.414,102.844,306.827,269.736,138.726,428.187,3.050734758370525
2011-11-01,103.561,103.167,297.966,268.838,139.503,430.12,3.055397148518157
2011-12-01,103.789,103.847,307.069,270.087,140.324,431.576,3.0672179269095263
2012-01-01,104.142,104.69,308.335,270.785,138.511,432.797,3.0759287757745613
2012-02-01,104.241,104.371,306.081,270.387,140.152,433.088,3.077170666581659
2012-03-01,104.373,104.801,308.237,271.216,139.932,434.468,3.085379227045938
2012-04-01,104.608,104.955,304.81,271.231,139.988,436.191,3.0926619207615267
2012-05-01,104.886,105.015,294.883,270.678,140.906,437.844,3.097429069591099
2012-06-01,104.994,105.644,287.712,270.582,142.488,440.922,3.107668597730762
2012-07-01,105.007,105.694,302.202,272.538,140.433,442.625,3.1148956895007087
2012-08-01,104.902,106.012,312.195,274.349,140.142,443.047,3.1224001941423323
2012-09-01,105.165,106.321,312.078,275.08,140.822,444.433,3.1300707619440744
2012-10-01,105.434,106.349,308.022,275.312,141.429,445.12,3.1349361245904546
2012-11-01,105.63,106.616,301.966,275.043,140.793,446.157,3.139190166103951
2012-12-01,105.833,106.667,316.876,277.493,140.528,447.508,3.1498437075537784
2013-01-01,106.23,106.832,320.958,278.81,141.473,448.525,3.160269101605492
2013-02-01,106.512,107.186,316.62,278.755,141.784,449.885,3.167662001778395
2013-03-01,106.686,107.022,322.645,279.821,141.723,451.519,3.1739384690740313
2013-04-01,106.535,106.934,310.843,278.226,142.263,451.305,3.1692002414789404
2013-05-01,106.685,107.136,298.615,276.98,143.247,450.85,3.1692461252176125
2013-06-01,106.718,107.278,296.647,277.127,143.329,453.246,3.1751664896745213
2013-07-01,106.908,107.367,311.074,280.653,144.382,454.064,3.1885554163450025
2013-08-01,107.156,107.712,317.28,281.178,143.431,456.679,3.1971089037323988
2013-09-01,107.358,108.198,316.426,281.835,142.999,457.968,3.204600412170426
2013-10-01,107.582,108.361,315.445,282.24,139.053,457.801,3.2063146552895994
2013-11-01,107.721,108.714,315.808,282.36,142.786,457.634,3.2125360716611344
2013-12-01,107.914,108.524,314.891,282.523,142.732,458.658,3.2166092529399917
2014-01-01,108.11,108.916,304.438,281.981,143.484,459.825,3.2221586629161094
2014-02-01,108.195,108.976,302.328,282.418,144.063,460.879,3.22694730652921
2014-03-01,108.32,109.067,305.804,283.316,146.129,462.471,3.2357439609961833
2014-04-01,108.509,109.365,307.536,284.251,146.567,463.308,3.2434272926834433
2014-05-01,108.693,109.492,314.119,285.256,150.077,464.149,3.2527200403675276
2014-06-01,108.854,109.636,314.699,285.874,147.727,464.649,3.255926346432077
2014-07-01,109.067,109.887,311.679,285.695,149.185,465.125,3.2622122232088886
2014-08-01,109.239,109.548,309.923,285.611,150.035,465.546,3.264759219343303
2014-09-01,109.304,109.676,306.111,285.777,150.364,466.296,3.2682723225468666
2014-10-01,108.944,110.063,307.357,287.239,150.829,467.008,3.2747197753303596
2014-11-01,108.897,110.024,305.983,288.224,151.213,468.507,3.2804322987309495
2014-12-01,108.898,110.12,301.037,287.5,151.99,469.971,3.2836443315249872
2015-01-01,109.111,110.608,295.273,287.871,152.941,470.198,3.2907293838173044
2015-02-01,109.06,110.681,293.524,288.461,152.108,469.241,3.290614306456735
2015-03-01,109.182,110.82,290.945,288.812,153.494,471.46,3.2984904733640503
2015-04-01,109.36,111.16,285.424,288.928,153.599,475.195,3.3089632723930875
2015-05-01,109.257,111.591,293.265,289.96,151.316,475.984,3.3133839265734646
2015-06-01,109.434,111.933,298.839,290.914,148.963,475.516,3.3188173201874904
2015-07-01,109.648,112.142,294.099,291.671,154.047,476.271,3.3288079562897006
2015-08-01,109.881,112.263,291.307,291.638,152.824,475.865,3.3315630848498388
2015-09-01,110.257,112.28,287.452,291.907,153.279,477.038,3.3384313860572425
2015-10-01,110.473,112.711,291.034,292.578,153.968,481.074,3.3508042984033692
2015-11-01,110.795,112.649,293.715,294.481,155.576,482.778,3.3623724695693857
2015-12-01,110.888,112.914,291.963,295.147,154.639,483.51,3.367497163112537
2016-01-01,111.141,113.109,289.611,295.589,157.308,485.346,3.376615890298048
2016-02-01,111.002,113.696,286.419,295.617,158.028,487.562,3.3835551348802624
2016-03-01,111.192,114.244,286.501,296.485,156.829,488.298,3.3908599044181846
2016-04-01,111.157,114.825,291.228,298.876,155.194,489.828,3.400806119211316
2016-05-01,111.097,115.039,288.805,299.736,156.465,492.258,3.410594614547438
2016-06-01,111.072,115.725,290.014,300.527,158.643,493.458,3.420579806048771
2016-07-01,111.085,115.796,280.88,300.422,156.779,495.805,3.424545228899158
2016-08-01,111.209,115.65,278.139,300.347,158.256,500.06,3.4334116347850094
2016-09-01,110.799,115.745,275.578,299.937,158.76,500.384,3.432408181666757
2016-10-01,110.68,115.732,270.9,300.301,161.261,500.424,3.4350851912955482
2016-11-01,110.856,115.974,272.902,301.747,159.879,501.489,3.442789142678127
2016-12-01,111.003,116.059,277.919,303.421,160.245,502.333,3.451413228039712
2017-01-01,111.063,116.969,280.879,305.057,160.225,502.654,3.4616130973122825
2017-02-01,110.861,117.96,282.923,306.293,160.683,504.188,3.4708680617901706
2017-03-01,108.853,118.202,284.341,307.092,157.517,504.797,3.4603084944177693
2017-04-01,108.584,118.51,285.005,307.57,159.503,505.071,3.4638130963438036
2017-05-01,108.536,118.698,279.718,308.569,159.957,504.887,3.4676794950066467
2017-06-01,108.438,118.856,277.107,309.612,158.952,505.993,3.4722858494999604
2017-07-01,108.239,119.592,274.97,310.184,153.378,506.889,3.4747062484240043
2017-08-01,108.267,120.022,270.846,311.071,158.478,507.84,3.484982821285221
2017-09-01,108.504,120.066,268.659,311.749,159.453,509.039,3.491523299837814
2017-10-01,108.763,120.04,268.229,312.971,163.832,510.005,3.5021844075979858
2017-11-01,109.063,120.033,266.421,313.678,160.688,509.686,3.5042383678882794
2017-12-01,109.238,120.352,267.054,314.938,160.654,510.529,3.512008152142079
2018-01-01,109.244,120.667,266.194,317.514,158.539,512.784,3.5255299255572528
2018-02-01,109.022,120.952,266.402,320.209,158.83,513.474,3.53577643758818
2018-03-01,108.948,120.912,268.183,320.599,161.714,515.505,3.5436696730150796
2018-04-01,108.956,120.557,266.465,319.913,161.391,516.618,3.545559276364397
2018-05-01,109.26,120.912,264.022,320.44,166.94,516.807,3.5567625609097986
2018-06-01,109.583,121.535,263.344,321.236,161.277,518.561,3.563746194387852
2018-07-01,109.855,121.695,263.786,321.994,160.772,518.347,3.5688859239088875
2018-08-01,110.019,121.663,265.241,322.821,161.913,516.975,3.5715279671559452
2018-09-01,110.192,122.36,266.203,324.03,159.817,518.551,3.579899895179938
2018-10-01,110.228,122.256,263.608,324.406,160.665,519.664,3.584754581197597
2018-11-01,109.754,122.83,261.615,324.079,158.368,521.946,3.588067341192192
2018-12-01,109.826,123.13,259.347,324.081,161.437,524.389,3.599104382901664
2019-01-01,110.071,123.539,261.858,324.545,163.144,525.384,3.606301334238016
2019-02-01,110.229,123.558,264.965,324.291,166.128,526.258,3.611993150373861
2019-03-01,110.305,124.056,262.909,323.443,166.013,527.381,3.614440868076906
2019-04-01,110.542,124.348,260.115,323.795,167.262,528.889,3.62266766467102
2019-05-01,110.668,123.69,261.933,323.026,168.78,531.474,3.625353900526033
2019-06-01,110.876,123.61,262.483,323.274,167.434,533.2,3.6331085851353304
2019-07-01,110.971,123.807,264.084,324.049,167.986,535.551,3.6428765261151246
2019-08-01,111.07,124.351,268.749,325.993,164.913,538.727,3.6536891061823997
2019-09-01,111.136,124.2,272.014,326.935,167.824,541.136,3.6625733881421807
2019-10-01,111.414,125.104,271.125,327.196,164.892,546.096,3.6761972729620322
2019-11-01,111.88,125.776,268.352,326.715,163.699,548.767,3.685588442993425
2019-12-01,112.069,126.441,267.214,326.555,161.083,550.659,3.691742396873958
2020-01-01,112.518,126.611,268.668,328.113,163.816,552.331,3.706626220682257
2020-02-01,112.549,126.3,270.587,328.863,168.221,554.332,3.716499227636153
2020-03-01,112.6,126.917,233.537,321.192,156.238,556.748,3.698280050298981
2020-04-01,112.809,127.157,196.819,305.569,143.351,559.62,3.6623531319518285
2020-05-01,112.856,128.906,186.931,294.297,141.462,562.645,3.649356778148657
2020-06-01,112.805,128.001,192.344,300.572,143.221,564.929,3.665620959468112
2020-07-01,114.162,126.454,203.723,311.944,145.373,567.284,3.7018437767397594
2020-08-01,114.304,127.128,207.635,312.966,146.431,567.277,3.7099937585649037
2020-09-01,114.297,127.673,205.325,310.192,146.741,568.08,3.708947857386284
2020-10-01,114.478,128.454,215.955,310.119,142.605,566.288,3.7077244032060936
2020-11-01,114.59,129.116,221.157,315.497,146.204,566.296,3.725027823180041
2020-12-01,114.693,128.426,216.188,315.71,146.014,565.656,3.7272727078869297
2021-01-01,114.823,126.948,209.629,314.584,143.846,568.379,3.724303951774955
2021-02-01,114.928,127.569,200.387,314.604,142.382,571.673,3.7335911430524487
2021-03-01,114.884,128.408,198.559,316.088,144.887,572.068,3.744913322197308
2021-04-01,115.071,129.368,216.99,323.087,153.572,571.948,3.772905239903785
2021-05-01,115.3,129.607,233.479,327.033,153.956,571.324,3.78692282544206
2021-06-01,115.451,130.343,241.989,331.595,165.942,570.655,3.809285760523892
2021-07-01,115.565,131.154,243.685,331.279,177.521,572.051,3.828193590511552
2021-08-01,115.843,131.6,221.166,327.062,172.597,572.768,3.823013324219455
2021-09-01,116.193,132.199,206.174,323.58,172.822,572.633,3.8216518390116088
2021-10-01,116.444,133.414,205.656,324.022,175.355,575.606,3.8387467777168904
2021-11-01,116.562,132.847,212.465,327.587,179.13,577.956,3.854345877027338
2021-12-01,116.688,132.685,217.497,328.653,180.743,579.903,3.865595785295549
2022-01-01,116.773,133.353,219.155,331.128,173.159,583.642,3.87907395816552
2022-02-01,116.91,134.063,225.27,334.624,177.692,585.713,3.9019255553038956
2022-03-01,116.776,134.511,245.329,339.998,181.17,588.736,3.925243825534992
2022-04-01,117.013,135.054,289.163,350.551,183.74,591.756,3.9640210315123836
2022-05-01,117.25,135.875,321.904,353.867,183.701,594.318,3.98479773449773
2022-06-01,117.413,136.491,325.19,362.001,182.803,598.067,4.016851281332646
2022-07-01,117.319,137.085,312.014,362.387,179.781,601.434,4.026457002922432
2022-08-01,117.609,137.174,295.112,363.91,179.845,605.182,4.041952094190821
2022-09-01,117.748,137.585,294.444,370.59,177.97,609.833,4.069512429209592
2022-10-01,117.959,138.732,294.147,373.364,185.562,606.869,4.0851603860342705
2022-11-01,119.16,140.063,289.47,374.555,184.657,603.204,4.095804585487427
2022-12-01,119.502,140.316,279.086,376.02,185.954,603.725,4.107123042360235
2023-01-01,120.003,141.011,274.248,379.324,186.204,600.978,4.122528769179498
2023-02-01,120.263,142.566,284.722,383.301,189.436,598.546,4.144503602801862
2023-03-01,120.568,142.555,288.56,386.973,194.212,594.856,4.155547132345617
2023-04-01,120.674,143.716,286.385,389.255,189.646,594.041,4.170000571606451
2023-05-01,120.518,143.695,278.395,390.61,190.233,593.773,4.173646718908261
2023-06-01,120.214,144.557,264.312,392.585,191.236,593.325,4.1831030726019875
2023-07-01,120.502,145.577,254.654,395.366,190.851,592.422,4.1974412154552505
2023-08-01,120.625,145.533,256.311,401.419,185.434,592.387,4.209164296528104
2023-09-01,120.638,146.445,255.313,404.034,191.208,593.733,4.232420919877762
2023-10-01,120.668,146.65,255.623,407.895,187.943,595.016,4.243743071123559
2023-11-01,120.797,146.775,254.397,412.515,185.82,597.882,4.2621069413401305
2023-12-01,121.028,148.24,252.3,412.184,185.814,600.691,4.273960826833804
2024-01-01,121.525,148.495,255.911,415.761,187.565,604.626,4.305628984757726
2024-02-01,122.089,148.991,267.056,421.549,188.326,605.065,4.3275002223356624
2024-03-01,122.311,149.085,267.833,428.464,190.545,607.643,4.356903091973847
2024-04-01,122.627,149.706,269.466,432.501,189.24,609.702,4.374335953457338
2024-05-01,122.925,149.41,261.878,430.721,188.025,611.828,4.372946700107574
2024-06-01,122.955,149.475,251.325,428.961,187.167,612.629,4.37696624198575
2024-07-01,123.128,150.091,248.253,430.228,187.093,611.874,4.386635079443089
2024-08-01,123.345,150.221,253.357,433.523,189.024,611.637,4.3996460199497
2024-09-01,123.395,149.681,259.306,438.988,186.037,615.341,4.416469443194386
2024-10-01,123.198,150.794,266.413,441.339,187.546,617.892,4.432803283380755
2024-11-01,122.914,151.867,266.723,441.797,192.16,620.054,4.447482312184653
2024-12-01,123.164,152.261,271.742,442.69,189.951,620.911,4.452399802099467
2025-01-01,123.606,154.158,273.591,449.76,191.639,620.949,4.480975317413243
2025-02-01,124.034,155.358,264.821,446.782,191.868,623.344,4.493176647868004
2025-03-01,124.286,155.49,253.357,441.655,185.628,625.993,4.4858684792720736
2025-04-01,124.067,155.158,247.922,442.689,186.657,628.719,4.4975909173969395
2025-05-01,124.169,154.903,242.546,441.615,186.38,629.926,4.499992707454433
2025-06-01,124.338,155.172,243.37,442.801,182.607,633.057,4.51189389544158
2025-07-01,124.515,155.931,250.748,445.555,180.824,638.219,4.53208983135748
2025-08-01,124.599,155.696,261.928,449.479,184.457,637.729,4.545978213309003
2025-09-01,124.701,156.28,267.046,450.732,186.039,639.233,4.559869269145708
2025-11-01,125.561,155.576,253.063,448.091,184.18,640.487,4.565148982902921
2025-12-01,124.536,158.306,262.573,449.949,188.203,642.832,4.575885109434043
2026-01-01,125.034,158.917,279.693,456.032,188.018,644.926,4.602421221424723
2026-02-01,125.359,158.608,283.495,457.108,189.826,648.884,4.61832269913464
2026-03-01,125.588,158.016,291.073,459.912,190.287,648.945,4.6267508394396115
2026-04-01,125.473,158.147,299.267,461.434,194.934,648.916,4.647902053813083
2026-05-01,126.572,158.939,307.305,458.772,195.749,652.345,4.660641438297945
2026-06-01,125.587,159.367,307.963,457.169,191.201,651.533,4.651909293456998
