date,job_openings,unemployed,unrate,nrou_cbo,eci_wages,atl_wage,wti,cpi_energy,cpi_headline,cpi_core,exp5yr,exp10yr
1948-01-01,,2034.0,3.4,,,,,,23.68,,,
1948-02-01,,2328.0,3.8,,,,,,23.67,,,
1948-03-01,,2399.0,4.0,,,,,,23.5,,,
1948-04-01,,2386.0,3.9,,,,,,23.82,,,
1948-05-01,,2118.0,3.5,,,,,,24.01,,,
1948-06-01,,2214.0,3.6,,,,,,24.15,,,
1948-07-01,,2213.0,3.6,,,,,,24.4,,,
1948-08-01,,2350.0,3.9,,,,,,24.43,,,
1948-09-01,,2302.0,3.8,,,,,,24.36,,,
1948-10-01,,2259.0,3.7,,,,,,24.31,,,
1948-11-01,,2285.0,3.8,,,,,,24.16,,,
1948-12-01,,2429.0,4.0,,,,,,24.05,,,
1949-01-01,,2596.0,4.3,5.25505256652832,,,,,24.01,,,
1949-02-01,,2849.0,4.7,,,,,,23.91,,,
1949-03-01,,3030.0,5.0,,,,,,23.91,,,
1949-04-01,,3260.0,5.3,5.2615156173706055,,,,,23.92,,,
1949-05-01,,3707.0,6.1,,,,,,23.91,,,
1949-06-01,,3776.0,6.2,,,,,,23.92,,,
1949-07-01,,4111.0,6.7,5.268013,,,,,23.7,,,
1949-08-01,,4193.0,6.8,,,,,,23.7,,,
1949-09-01,,4049.0,6.6,,,,,,23.75,,,
1949-10-01,,4916.0,7.9,5.274564,,,,,23.67,,,
1949-11-01,,3996.0,6.4,,,,,,23.7,,,
1949-12-01,,4063.0,6.6,,,,,,23.61,,,
1950-01-01,,4026.0,6.5,5.281182,,,,,23.51,,,
1950-02-01,,3936.0,6.4,,,,,,23.61,,,
1950-03-01,,3876.0,6.3,,,,,,23.64,,,
1950-04-01,,3575.0,5.8,5.287866,,,,,23.65,,,
1950-05-01,,3434.0,5.5,,,,,,23.77,,,
1950-06-01,,3367.0,5.4,,,,,,23.88,,,
1950-07-01,,3120.0,5.0,5.294604,,,,,24.07,,,
1950-08-01,,2799.0,4.5,,,,,,24.2,,,
1950-09-01,,2774.0,4.4,,,,,,24.34,,,
1950-10-01,,2625.0,4.2,5.301367,,,,,24.5,,,
1950-11-01,,2589.0,4.2,,,,,,24.6,,,
1950-12-01,,2639.0,4.3,,,,,,24.98,,,
1951-01-01,,2305.0,3.7,5.308113,,,,,25.38,,,
1951-02-01,,2117.0,3.4,,,,,,25.83,,,
1951-03-01,,2125.0,3.4,,,,,,25.88,,,
1951-04-01,,1919.0,3.1,5.314789,,,,,25.92,,,
1951-05-01,,1856.0,3.0,,,,,,25.99,,,
1951-06-01,,1995.0,3.2,,,,,,25.93,,,
1951-07-01,,1950.0,3.1,5.321333408355713,,,,,25.91,,,
1951-08-01,,1933.0,3.1,,,,,,25.86,,,
1951-09-01,,2067.0,3.3,,,,,,26.03,,,
1951-10-01,,2194.0,3.5,5.3276824951171875,,,,,26.16,,,
1951-11-01,,2178.0,3.5,,,,,,26.32,,,
1951-12-01,,1960.0,3.1,,,,,,26.47,,,
1952-01-01,,1972.0,3.2,5.333774,,,,,26.45,,,
1952-02-01,,1957.0,3.1,,,,,,26.41,,,
1952-03-01,,1813.0,2.9,,,,,,26.39,,,
1952-04-01,,1811.0,2.9,5.339555,,,,,26.46,,,
1952-05-01,,1863.0,3.0,,,,,,26.47,,,
1952-06-01,,1884.0,3.0,,,,,,26.53,,,
1952-07-01,,1991.0,3.2,5.344985485076904,,,,,26.68,,,
1952-08-01,,2087.0,3.4,,,,,,26.69,,,
1952-09-01,,1936.0,3.1,,,,,,26.63,,,
1952-10-01,,1839.0,3.0,5.350040435791016,,,,,26.69,,,
1952-11-01,,1743.0,2.8,,,,,,26.69,,,
1952-12-01,,1667.0,2.7,,,,,,26.71,,,
1953-01-01,,1839.0,2.9,5.354713,,,,,26.64,,,
1953-02-01,,1636.0,2.6,,,,,,26.59,,,
1953-03-01,,1647.0,2.6,,,,,,26.63,,,
1953-04-01,,1723.0,2.7,5.359011650085449,,,,,26.69,,,
1953-05-01,,1596.0,2.5,,,,,,26.7,,,
1953-06-01,,1607.0,2.5,,,,,,26.77,,,
1953-07-01,,1660.0,2.6,5.362958,,,,,26.79,,,
1953-08-01,,1665.0,2.7,,,,,,26.85,,,
1953-09-01,,1821.0,2.9,,,,,,26.89,,,
1953-10-01,,1974.0,3.1,5.36658239364624,,,,,26.95,,,
1953-11-01,,2211.0,3.5,,,,,,26.85,,,
1953-12-01,,2818.0,4.5,,,,,,26.87,,,
1954-01-01,,3077.0,4.9,5.369922,,,,,26.94,,,
1954-02-01,,3331.0,5.2,,,,,,26.99,,,
1954-03-01,,3607.0,5.7,,,,,,26.93,,,
1954-04-01,,3749.0,5.9,5.373014450073241,,,,,26.86,,,
1954-05-01,,3767.0,5.9,,,,,,26.93,,,
1954-06-01,,3551.0,5.6,,,,,,26.94,,,
1954-07-01,,3659.0,5.8,5.375902,,,,,26.86,,,
1954-08-01,,3854.0,6.0,,,,,,26.85,,,
1954-09-01,,3927.0,6.1,,,,,,26.81,,,
1954-10-01,,3666.0,5.7,5.378624,,,,,26.72,,,
1954-11-01,,3402.0,5.3,,,,,,26.78,,,
1954-12-01,,3196.0,5.0,,,,,,26.77,,,
1955-01-01,,3157.0,4.9,5.38122,,,,,26.77,,,
1955-02-01,,2969.0,4.7,,,,,,26.82,,,
1955-03-01,,2918.0,4.6,,,,,,26.79,,,
1955-04-01,,3049.0,4.7,5.383725,,,,,26.79,,,
1955-05-01,,2747.0,4.3,,,,,,26.77,,,
1955-06-01,,2701.0,4.2,,,,,,26.71,,,
1955-07-01,,2632.0,4.0,5.386171,,,,,26.76,,,
1955-08-01,,2784.0,4.2,,,,,,26.72,,,
1955-09-01,,2678.0,4.1,,,,,,26.85,,,
1955-10-01,,2830.0,4.3,5.388586,,,,,26.82,,,
1955-11-01,,2780.0,4.2,,,,,,26.88,,,
1955-12-01,,2761.0,4.2,,,,,,26.87,,,
1956-01-01,,2666.0,4.0,5.39099645614624,,,,,26.83,,,
1956-02-01,,2606.0,3.9,,,,,,26.86,,,
1956-03-01,,2764.0,4.2,,,,,,26.89,,,
1956-04-01,,2650.0,4.0,5.39343,,,,,26.93,,,
1956-05-01,,2861.0,4.3,,,,,,27.03,,,
1956-06-01,,2882.0,4.3,,,,,,27.15,,,
1956-07-01,,2952.0,4.4,5.395917,,,,,27.29,,,
1956-08-01,,2701.0,4.1,,,,,,27.31,,,
1956-09-01,,2635.0,3.9,,,,,,27.35,,,
1956-10-01,,2571.0,3.9,5.398493,,,,,27.51,,,
1956-11-01,,2861.0,4.3,,,,,,27.51,,,
1956-12-01,,2790.0,4.2,,,,,,27.63,,,
1957-01-01,,2796.0,4.2,5.401198387145996,,,,21.3,27.67,28.5,,
1957-02-01,,2622.0,3.9,,,,,21.4,27.8,28.6,,
1957-03-01,,2509.0,3.7,,,,,21.5,27.86,28.7,,
1957-04-01,,2600.0,3.9,5.404080390930176,,,,21.6,27.93,28.8,,
1957-05-01,,2710.0,4.1,,,,,21.6,28.0,28.8,,
1957-06-01,,2856.0,4.3,,,,,21.6,28.11,28.9,,
1957-07-01,,2796.0,4.2,5.407184600830078,,,,21.5,28.19,29.0,,
1957-08-01,,2747.0,4.1,,,,,21.4,28.28,29.0,,
1957-09-01,,2943.0,4.4,,,,,21.4,28.32,29.1,,
1957-10-01,,3020.0,4.5,5.410558,,,,21.4,28.32,29.2,,
1957-11-01,,3454.0,5.1,,,,,21.5,28.41,29.3,,
1957-12-01,,3476.0,5.2,,,,,21.5,28.47,29.3,,
1958-01-01,,3875.0,5.8,5.41424036026001,,,,21.6,28.64,29.3,,
1958-02-01,,4303.0,6.4,,,,,21.3,28.7,29.4,,
1958-03-01,,4492.0,6.7,,,,,21.4,28.87,29.5,,
1958-04-01,,5016.0,7.4,5.418266,,,,21.4,28.94,29.5,,
1958-05-01,,5021.0,7.4,,,,,21.5,28.94,29.5,,
1958-06-01,,4944.0,7.3,,,,,21.5,28.91,29.6,,
1958-07-01,,5079.0,7.5,5.422658443450928,,,,21.6,28.89,29.6,,
1958-08-01,,5025.0,7.4,,,,,21.7,28.94,29.6,,
1958-09-01,,4821.0,7.1,,,,,21.7,28.91,29.7,,
1958-10-01,,4570.0,6.7,5.427429,,,,21.7,28.91,29.7,,
1958-11-01,,4188.0,6.2,,,,,21.4,28.95,29.8,,
1958-12-01,,4191.0,6.2,,,,,21.4,28.97,29.9,,
1959-01-01,,4068.0,6.0,5.432576656341553,,,,21.4,29.01,29.9,,
1959-02-01,,3965.0,5.9,,,,,21.6,29.0,29.9,,
1959-03-01,,3801.0,5.6,,,,,21.7,28.97,30.0,,
1959-04-01,,3571.0,5.2,5.438085556030273,,,,21.8,28.98,30.0,,
1959-05-01,,3479.0,5.1,,,,,21.8,29.04,30.1,,
1959-06-01,,3429.0,5.0,,,,,21.9,29.11,30.2,,
1959-07-01,,3528.0,5.1,5.443927,,,,21.8,29.15,30.2,,
1959-08-01,,3588.0,5.2,,,,,21.9,29.18,30.2,,
1959-09-01,,3775.0,5.5,,,,,21.9,29.25,30.3,,
1959-10-01,,3910.0,5.7,5.450064,,,,22.2,29.35,30.4,,
1959-11-01,,4003.0,5.8,,,,,22.2,29.35,30.4,,
1959-12-01,,3653.0,5.3,,,,,22.3,29.41,30.5,,
1960-01-01,,3615.0,5.2,5.456452369689941,,,,22.3,29.37,30.5,,
1960-02-01,,3329.0,4.8,,,,,22.2,29.41,30.6,,
1960-03-01,,3726.0,5.4,,,,,22.3,29.41,30.6,,
1960-04-01,,3620.0,5.2,5.463051,,,,22.4,29.54,30.6,,
1960-05-01,,3569.0,5.1,,,,,22.3,29.57,30.6,,
1960-06-01,,3766.0,5.4,,,,,22.4,29.61,30.7,,
1960-07-01,,3836.0,5.5,5.469829559326172,,,,22.5,29.55,30.6,,
1960-08-01,,3946.0,5.6,,,,,22.5,29.61,30.6,,
1960-09-01,,3884.0,5.5,,,,,22.6,29.61,30.6,,
1960-10-01,,4252.0,6.1,5.47677,,,,22.5,29.75,30.8,,
1960-11-01,,4330.0,6.1,,,,,22.7,29.78,30.8,,
1960-12-01,,4617.0,6.6,,,,,22.6,29.81,30.7,,
1961-01-01,,4671.0,6.6,5.483875,,,,22.7,29.84,30.8,,
1961-02-01,,4832.0,6.9,,,,,22.6,29.84,30.8,,
1961-03-01,,4853.0,6.9,,,,,22.6,29.84,30.9,,
1961-04-01,,4893.0,7.0,5.491165,,,,22.2,29.81,30.9,,
1961-05-01,,5003.0,7.1,,,,,22.4,29.84,30.9,,
1961-06-01,,4885.0,6.9,,,,,22.5,29.84,31.0,,
1961-07-01,,4928.0,7.0,5.498675346374512,,,,22.5,29.92,31.0,,
1961-08-01,,4682.0,6.6,,,,,22.5,29.94,31.1,,
1961-09-01,,4676.0,6.7,,,,,22.6,29.98,31.1,,
1961-10-01,,4573.0,6.5,5.506455421447754,,,,22.4,29.98,31.1,,
1961-11-01,,4295.0,6.1,,,,,22.5,29.98,31.2,,
1961-12-01,,4177.0,6.0,,,,,22.4,30.01,31.2,,
1962-01-01,,4081.0,5.8,5.514559,,,,22.4,30.04,31.2,,
1962-02-01,,3871.0,5.5,,,,,22.6,30.11,31.2,,
1962-03-01,,3921.0,5.6,,,,,22.4,30.17,31.3,,
1962-04-01,,3906.0,5.6,5.523042,,,,22.7,30.21,31.3,,
1962-05-01,,3863.0,5.5,,,,,22.7,30.24,31.4,,
1962-06-01,,3844.0,5.5,,,,,22.5,30.21,31.4,,
1962-07-01,,3819.0,5.4,5.5319504737854,,,,22.3,30.22,31.4,,
1962-08-01,,4013.0,5.7,,,,,22.4,30.28,31.5,,
1962-09-01,,3961.0,5.6,,,,,22.8,30.42,31.5,,
1962-10-01,,3803.0,5.4,5.541324,,,,22.7,30.38,31.5,,
1962-11-01,,4024.0,5.7,,,,,22.7,30.38,31.5,,
1962-12-01,,3907.0,5.5,,,,,22.8,30.38,31.6,,
1963-01-01,,4074.0,5.7,5.551188,,,,22.8,30.44,31.5,,
1963-02-01,,4238.0,5.9,,,,,22.7,30.48,31.6,,
1963-03-01,,4072.0,5.7,,,,,22.7,30.51,31.7,,
1963-04-01,,4055.0,5.7,5.561552,,,,22.6,30.48,31.7,,
1963-05-01,,4217.0,5.9,,,,,22.6,30.51,31.7,,
1963-06-01,,3977.0,5.6,,,,,22.5,30.61,31.8,,
1963-07-01,,4051.0,5.6,5.572411,,,,22.7,30.69,31.8,,
1963-08-01,,3878.0,5.4,,,,,22.6,30.75,31.9,,
1963-09-01,,3957.0,5.5,,,,,22.5,30.72,31.9,,
1963-10-01,,3987.0,5.5,5.583747386932373,,,,22.7,30.75,32.0,,
1963-11-01,,4151.0,5.7,,,,,22.6,30.78,32.0,,
1963-12-01,,3975.0,5.5,,,,,22.6,30.88,32.1,,
1964-01-01,,4029.0,5.6,5.595527648925781,,,,22.8,30.94,32.2,,
1964-02-01,,3932.0,5.4,,,,,22.2,30.91,32.2,,
1964-03-01,,3950.0,5.4,,,,,22.6,30.94,32.2,,
1964-04-01,,3918.0,5.3,5.607706,,,,22.5,30.95,32.2,,
1964-05-01,,3764.0,5.1,,,,,22.5,30.98,32.2,,
1964-06-01,,3814.0,5.2,,,,,22.6,31.01,32.3,,
1964-07-01,,3608.0,4.9,5.620222568511963,,,,22.5,31.02,32.3,,
1964-08-01,,3655.0,5.0,,,,,22.6,31.05,32.3,,
1964-09-01,,3712.0,5.1,,,,,22.5,31.08,32.3,,
1964-10-01,,3726.0,5.1,5.633007,,,,22.5,31.12,32.4,,
1964-11-01,,3551.0,4.8,,,,,22.5,31.21,32.5,,
1964-12-01,,3651.0,5.0,,,,,22.6,31.25,32.5,,
1965-01-01,,3572.0,4.9,5.645977,,,,22.8,31.28,32.6,,
1965-02-01,,3730.0,5.1,,,,,22.7,31.28,32.6,,
1965-03-01,,3510.0,4.7,,,,,22.6,31.31,32.6,,
1965-04-01,,3595.0,4.8,5.659044,,,,22.9,31.38,32.7,,
1965-05-01,,3432.0,4.6,,,,,23.0,31.48,32.7,,
1965-06-01,,3387.0,4.6,,,,,23.1,31.61,32.7,,
1965-07-01,,3301.0,4.4,5.672116,,,,23.0,31.58,32.7,,
1965-08-01,,3254.0,4.4,,,,,23.0,31.55,32.7,,
1965-09-01,,3216.0,4.3,,,,,23.1,31.62,32.8,,
1965-10-01,,3143.0,4.2,5.685105,,,,23.0,31.65,32.8,,
1965-11-01,,3073.0,4.1,,,,,23.1,31.75,32.9,,
1965-12-01,,3031.0,4.0,,,,,23.1,31.85,33.0,,
1966-01-01,,2988.0,4.0,5.69793,,,,23.1,31.88,33.0,,
1966-02-01,,2820.0,3.8,,,,,23.2,32.08,33.1,,
1966-03-01,,2887.0,3.8,,,,,23.2,32.18,33.1,,
1966-04-01,,2828.0,3.8,5.710529,,,,23.2,32.28,33.3,,
1966-05-01,,2950.0,3.9,,,,,23.2,32.35,33.4,,
1966-06-01,,2872.0,3.8,,,,,23.3,32.38,33.5,,
1966-07-01,,2876.0,3.8,5.722861,,,,23.4,32.45,33.6,,
1966-08-01,,2900.0,3.8,,,,,23.3,32.65,33.7,,
1966-09-01,,2798.0,3.7,,,,,23.4,32.75,33.8,,
1966-10-01,,2798.0,3.7,5.734915,,,,23.4,32.85,34.0,,
1966-11-01,,2770.0,3.6,,,,,23.5,32.88,34.0,,
1966-12-01,,2912.0,3.8,,,,,23.5,32.92,34.1,,
1967-01-01,,2968.0,3.9,5.746704,,,,23.6,32.9,34.2,,
1967-02-01,,2915.0,3.8,,,,,23.7,33.0,34.2,,
1967-03-01,,2889.0,3.8,,,,,23.6,33.0,34.3,,
1967-04-01,,2895.0,3.8,5.75827,,,,23.9,33.1,34.4,,
1967-05-01,,2929.0,3.8,,,,,23.9,33.1,34.5,,
1967-06-01,,2992.0,3.9,,,,,23.8,33.3,34.6,,
1967-07-01,,2944.0,3.8,5.769672,,,,23.8,33.4,34.7,,
1967-08-01,,2945.0,3.8,,,,,23.9,33.5,34.9,,
1967-09-01,,2958.0,3.8,,,,,24.0,33.6,35.0,,
1967-10-01,,3143.0,4.0,5.780984,,,,23.9,33.7,35.1,,
1967-11-01,,3066.0,3.9,,,,,24.0,33.9,35.2,,
1967-12-01,,3018.0,3.8,,,,,23.9,34.0,35.4,,
1968-01-01,,2878.0,3.7,5.792286,,,,24.0,34.1,35.5,,
1968-02-01,,3001.0,3.8,,,,,24.1,34.2,35.7,,
1968-03-01,,2877.0,3.7,,,,,24.1,34.3,35.8,,
1968-04-01,,2709.0,3.5,5.803658485412598,,,,24.0,34.4,35.9,,
1968-05-01,,2740.0,3.5,,,,,24.1,34.5,36.0,,
1968-06-01,,2938.0,3.7,,,,,24.2,34.7,36.2,,
1968-07-01,,2883.0,3.7,5.815175533294678,,,,24.2,34.9,36.4,,
1968-08-01,,2768.0,3.5,,,,,24.3,35.0,36.5,,
1968-09-01,,2686.0,3.4,,,,,24.3,35.1,36.7,,
1968-10-01,,2689.0,3.4,5.826905,,,,24.3,35.3,36.9,,
1968-11-01,,2715.0,3.4,,,,,24.4,35.4,37.1,,
1968-12-01,,2685.0,3.4,,,,,24.3,35.6,37.2,,
1969-01-01,,2718.0,3.4,5.838901,,,,24.4,35.7,37.3,,
1969-02-01,,2692.0,3.4,,,,,24.4,35.8,37.6,,
1969-03-01,,2712.0,3.4,,,,,24.7,36.1,37.8,,
1969-04-01,,2758.0,3.4,5.85120964050293,,,,24.9,36.3,38.1,,
1969-05-01,,2713.0,3.4,,,,,24.8,36.4,38.1,,
1969-06-01,,2816.0,3.5,,,,,25.0,36.6,38.3,,
1969-07-01,,2868.0,3.5,5.863864,,,,24.9,36.8,38.5,,
1969-08-01,,2856.0,3.5,,,,,24.9,36.9,38.7,,
1969-09-01,,3040.0,3.7,,,,,25.0,37.1,38.9,,
1969-10-01,,3049.0,3.7,5.876888,,,,25.0,37.3,39.1,,
1969-11-01,,2856.0,3.5,,,,,25.0,37.5,39.2,,
1969-12-01,,2884.0,3.5,,,,,25.1,37.7,39.4,,
1970-01-01,,3201.0,3.9,5.890298366546631,,,,25.1,37.9,39.6,,
1970-02-01,,3453.0,4.2,,,,,25.1,38.1,39.8,,
1970-03-01,,3635.0,4.4,,,,,25.0,38.3,40.1,,
1970-04-01,,3797.0,4.6,5.9041,,,,25.5,38.5,40.4,,
1970-05-01,,3919.0,4.8,,,,,25.4,38.6,40.5,,
1970-06-01,,4071.0,4.9,,,,,25.3,38.8,40.8,,
1970-07-01,,4175.0,5.0,5.918292,,,,25.5,38.9,40.9,,
1970-08-01,,4256.0,5.1,,,,,25.4,39.0,41.1,,
1970-09-01,,4456.0,5.4,,,,,25.6,39.2,41.3,,
1970-10-01,,4591.0,5.5,5.932861,,,,25.9,39.4,41.5,,
1970-11-01,,4898.0,5.9,,,,,26.0,39.6,41.8,,
1970-12-01,,5076.0,6.1,,,,,26.2,39.8,42.0,,
1971-01-01,,4986.0,5.9,5.947782,,,,26.3,39.9,42.1,,
1971-02-01,,4903.0,5.9,,,,,26.2,39.9,42.2,,
1971-03-01,,4987.0,6.0,,,,,26.2,40.0,42.2,,
1971-04-01,,4959.0,5.9,5.963016,,,,26.1,40.1,42.4,,
1971-05-01,,4996.0,5.9,,,,,26.2,40.3,42.6,,
1971-06-01,,4949.0,5.9,,,,,26.3,40.5,42.8,,
1971-07-01,,5035.0,6.0,5.978505611419678,,,,26.3,40.6,42.9,,
1971-08-01,,5134.0,6.1,,,,,26.8,40.7,43.0,,
1971-09-01,,5042.0,6.0,,,,,26.9,40.8,43.0,,
1971-10-01,,4954.0,5.8,5.994177,,,,27.0,40.9,43.1,,
1971-11-01,,5161.0,6.0,,,,,26.9,41.0,43.2,,
1971-12-01,,5154.0,6.0,,,,,27.0,41.1,43.3,,
1972-01-01,,5019.0,5.8,6.00994,,,,27.0,41.2,43.5,,
1972-02-01,,4928.0,5.7,,,,,26.8,41.4,43.6,,
1972-03-01,,5038.0,5.8,,,,,26.9,41.4,43.6,,
1972-04-01,,4959.0,5.7,6.02569055557251,,,,26.9,41.5,43.8,,
1972-05-01,,4922.0,5.7,,,,,27.0,41.6,43.9,,
1972-06-01,,4923.0,5.7,,,,,27.0,41.7,44.0,,
1972-07-01,,4913.0,5.6,6.041317,,,,27.1,41.8,44.1,,
1972-08-01,,4939.0,5.6,,,,,27.3,41.9,44.3,,
1972-09-01,,4849.0,5.5,,,,,27.6,42.1,44.3,,
1972-10-01,,4875.0,5.6,6.056706,,,,27.7,42.2,44.4,,
1972-11-01,,4602.0,5.3,,,,,27.9,42.4,44.4,,
1972-12-01,,4543.0,5.2,,,,,27.8,42.5,44.6,,
1973-01-01,,4326.0,4.9,6.0717453956604,,,,27.9,42.7,44.6,,
1973-02-01,,4452.0,5.0,,,,,28.2,43.0,44.8,,
1973-03-01,,4394.0,4.9,,,,,28.3,43.4,45.0,,
1973-04-01,,4459.0,5.0,6.086335,,,,28.6,43.7,45.1,,
1973-05-01,,4329.0,4.9,,,,,28.8,43.9,45.3,,
1973-06-01,,4363.0,4.9,,,,,29.2,44.2,45.4,,
1973-07-01,,4305.0,4.8,6.100386619567871,,,,29.2,44.2,45.5,,
1973-08-01,,4305.0,4.8,,,,,29.4,45.0,45.7,,
1973-09-01,,4350.0,4.8,,,,,29.4,45.2,46.0,,
1973-10-01,,4144.0,4.6,6.11383056640625,,,,30.3,45.6,46.3,,
1973-11-01,,4396.0,4.8,,,,,31.5,45.9,46.5,,
1973-12-01,,4489.0,4.9,,,,,32.5,46.3,46.7,,
1974-01-01,,4644.0,5.1,6.126616477966309,,,,34.1,46.8,46.9,,
1974-02-01,,4731.0,5.2,,,,,35.4,47.3,47.2,,
1974-03-01,,4634.0,5.1,,,,,36.9,47.8,47.6,,
1974-04-01,,4618.0,5.1,6.138715,,,,37.6,48.1,47.9,,
1974-05-01,,4705.0,5.1,,,,,38.3,48.6,48.5,,
1974-06-01,,4927.0,5.4,,,,,38.6,49.0,49.0,,
1974-07-01,,5063.0,5.5,6.1501145362854,,,,38.9,49.3,49.5,,
1974-08-01,,5022.0,5.5,,,,,39.2,49.9,50.2,,
1974-09-01,,5437.0,5.9,,,,,39.3,50.6,50.7,,
1974-10-01,,5523.0,6.0,6.1608195304870605,,,,39.2,51.0,51.2,,
1974-11-01,,6140.0,6.6,,,,,39.4,51.5,51.6,,
1974-12-01,,6636.0,7.2,,,,,39.6,51.9,52.0,,
1975-01-01,,7501.0,8.1,6.170844,,,,40.0,52.3,52.3,,
1975-02-01,,7520.0,8.1,,,,,40.3,52.6,52.8,,
1975-03-01,,7978.0,8.6,,,,,40.6,52.8,53.0,,
1975-04-01,,8210.0,8.8,6.180209,,,,41.0,53.0,53.3,,
1975-05-01,,8433.0,9.0,,,,,41.3,53.1,53.5,,
1975-06-01,,8220.0,8.8,,,,,41.7,53.5,53.8,,
1975-07-01,,8127.0,8.6,6.188934,,,,42.5,54.0,54.0,,
1975-08-01,,7928.0,8.4,,,,,42.8,54.2,54.2,,
1975-09-01,,7923.0,8.4,,,,,43.2,54.6,54.5,,
1975-10-01,,7897.0,8.4,6.197032451629639,,,,43.5,54.9,54.8,,
1975-11-01,,7794.0,8.3,,,,,43.9,55.3,55.2,,
1975-12-01,,7744.0,8.2,,,,,44.1,55.6,55.5,,
1976-01-01,,7534.0,7.9,6.204509,,,,44.5,55.8,55.9,,
1976-02-01,,7326.0,7.7,,,,,44.4,55.9,56.2,,
1976-03-01,,7230.0,7.6,,,,,44.1,56.0,56.5,,
1976-04-01,,7330.0,7.7,6.211358,,,,43.9,56.1,56.7,,
1976-05-01,,7053.0,7.4,,,,,44.1,56.4,57.0,,
1976-06-01,,7322.0,7.6,,,,,44.4,56.7,57.2,,
1976-07-01,,7490.0,7.8,6.217563,,,,44.8,57.0,57.6,,
1976-08-01,,7518.0,7.8,,,,,45.2,57.3,57.9,,
1976-09-01,,7380.0,7.6,,,,,45.7,57.6,58.2,,
1976-10-01,,7430.0,7.7,6.223099,,,,46.1,57.9,58.5,,
1976-11-01,,7620.0,7.8,,,,,46.8,58.1,58.7,,
1976-12-01,,7545.0,7.8,,,,,47.5,58.4,58.9,,
1977-01-01,,7280.0,7.5,6.227931,,,,48.1,58.7,59.3,,
1977-02-01,,7443.0,7.6,,,,,48.1,59.3,59.7,,
1977-03-01,,7307.0,7.4,,,,,48.4,59.6,60.0,,
1977-04-01,,7059.0,7.2,6.232016563415527,,,,48.6,60.0,60.3,,
1977-05-01,,6911.0,7.0,,,,,48.9,60.2,60.6,,
1977-06-01,,7134.0,7.2,,,,,48.9,60.5,61.0,,
1977-07-01,,6829.0,6.9,6.235309,,,,49.1,60.8,61.2,,
1977-08-01,,6925.0,7.0,,,,,49.5,61.1,61.5,,
1977-09-01,,6751.0,6.8,,,,,49.8,61.3,61.8,,
1977-10-01,,6763.0,6.8,6.237757,,,,50.5,61.6,62.0,,
1977-11-01,,6815.0,6.8,,,,,51.3,62.0,62.3,,
1977-12-01,,6386.0,6.4,,,,,51.6,62.3,62.7,,
1978-01-01,,6489.0,6.4,6.239311,,,,51.1,62.7,63.1,,
1978-02-01,,6318.0,6.3,,,,,50.6,63.0,63.4,,
1978-03-01,,6337.0,6.3,,,,,51.0,63.4,63.8,,
1978-04-01,,6180.0,6.1,6.239927,,,,51.4,63.9,64.3,,
1978-05-01,,6127.0,6.0,,,,,51.7,64.5,64.7,,
1978-06-01,,6028.0,5.9,,,,,51.9,65.0,65.2,,
1978-07-01,,6309.0,6.2,6.239574432373047,,,,52.1,65.5,65.6,,
1978-08-01,,6080.0,5.9,,,,,52.6,65.9,66.1,,
1978-09-01,,6125.0,6.0,,,,,53.2,66.5,66.7,,
1978-10-01,,5947.0,5.8,6.238234519958496,,,,54.1,67.1,67.2,,
1978-11-01,,6077.0,5.9,,,,,54.9,67.5,67.6,,
1978-12-01,,6228.0,6.0,,,,,55.9,67.9,68.0,,
1979-01-01,,6109.0,5.9,6.235909461975098,,,,55.8,68.5,68.5,,
1979-02-01,,6173.0,5.9,,,,,55.9,69.2,69.2,,
1979-03-01,,6109.0,5.8,,,,,57.4,69.9,69.8,,
1979-04-01,,6069.0,5.8,6.232617,,,,59.5,70.6,70.3,,
1979-05-01,,5840.0,5.6,,,,,62.0,71.4,70.8,,
1979-06-01,,5959.0,5.7,,,,,64.7,72.2,71.3,,
1979-07-01,,5996.0,5.7,6.2283935546875,,,,67.3,73.0,71.9,,
1979-08-01,,6320.0,6.0,,,,,69.7,73.7,72.7,,
1979-09-01,,6190.0,5.9,,,,,71.9,74.4,73.3,,
1979-10-01,,6296.0,6.0,6.22329,,,,73.5,75.2,74.0,,
1979-11-01,,6238.0,5.9,,,,,74.8,76.0,74.8,,
1979-12-01,,6325.0,6.0,,,,,76.8,76.9,75.7,,
1980-01-01,,6683.0,6.3,6.22320640721058,,,,79.1,78.0,76.7,,
1980-02-01,,6702.0,6.3,,,,,81.9,79.0,77.5,,
1980-03-01,,6729.0,6.3,,,,,84.5,80.1,78.6,,
1980-04-01,,7358.0,6.9,6.214445920687717,,,,85.4,80.9,79.5,,
1980-05-01,,7984.0,7.5,,,,,86.4,81.7,80.1,,
1980-06-01,,8098.0,7.6,,,,,86.5,82.5,81.0,,
1980-07-01,,8363.0,7.8,6.20568214830647,,,,86.7,82.6,80.8,,
1980-08-01,,8281.0,7.7,,,,,87.2,83.2,81.3,,
1980-09-01,,8021.0,7.5,,,,,87.5,83.9,82.1,,
1980-10-01,,8088.0,7.5,6.196909429829753,,,,88.0,84.7,83.0,,
1980-11-01,,8023.0,7.5,,,,,88.8,85.6,83.9,,
1980-12-01,,7718.0,7.2,,,,,90.7,86.4,84.9,,
1981-01-01,,8071.0,7.5,6.188120345103287,,,,92.1,87.2,85.4,,
1981-02-01,,8051.0,7.4,,,,,95.2,88.0,85.9,,
1981-03-01,,7982.0,7.4,,,,,97.4,88.6,86.4,,
1981-04-01,,7869.0,7.2,6.17930610228008,,,,97.6,89.1,87.0,,
1981-05-01,,8174.0,7.5,,,,,97.9,89.7,87.8,,
1981-06-01,,8098.0,7.5,,,,,97.3,90.5,88.6,,
1981-07-01,,7863.0,7.2,6.170456780353049,,,,97.3,91.5,89.8,,
1981-08-01,,8036.0,7.4,,,,,97.8,92.2,90.7,,
1981-09-01,,8230.0,7.6,,,,,98.6,93.1,91.8,,
1981-10-01,,8646.0,7.9,6.161561483332004,,,,99.2,93.4,92.1,,
1981-11-01,,9029.0,8.3,,,,,100.5,93.8,92.5,,
1981-12-01,,9267.0,8.5,,,,,101.5,94.1,93.0,,
1982-01-01,,9397.0,8.6,6.152608442404458,,,,100.6,94.4,93.3,6.4809404,6.1976115
1982-02-01,,9705.0,8.9,,,,,98.0,94.7,93.8,6.404901,6.0792322
1982-03-01,,9895.0,9.0,,,,,96.6,94.7,93.9,6.027709,5.6481299
1982-04-01,,10244.0,9.3,6.143585085278605,,,,94.2,95.0,94.7,6.0649134,5.7131884
1982-05-01,,10335.0,9.4,,,,,95.7,95.9,95.4,5.9439188,5.6899798
1982-06-01,,10538.0,9.6,,,,,98.4,97.0,96.1,5.8816985,5.6023786
1982-07-01,,10849.0,9.8,6.13447808484682,,,,99.3,97.5,96.7,6.26947,5.9160055
1982-08-01,,10881.0,9.8,,,,,99.8,97.7,97.1,6.0254417,5.6967159
1982-09-01,,11217.0,10.1,,,,,100.3,97.7,97.2,6.0024505,5.733214
1982-10-01,,11529.0,10.4,6.125273394360952,,,,101.7,98.1,97.5,5.5024134,5.3410651
1982-11-01,,11938.0,10.8,,,,,102.5,98.0,97.3,4.8872182,4.7173264
1982-12-01,,12051.0,10.8,,,,,102.8,97.7,97.2,5.0022245,4.8624209
1983-01-01,,11534.0,10.4,6.115956273183003,,,,99.6,97.9,97.6,4.9032371,4.717531
1983-02-01,,11545.0,10.4,,,,,97.7,98.0,98.0,4.9975233,4.8609296
1983-03-01,,11408.0,10.3,,,,,96.8,98.1,98.2,4.70171,4.6099924
1983-04-01,,11268.0,10.2,6.10651130516273,,,,98.9,98.8,98.6,4.8977683,4.7379918
1983-05-01,,11154.0,10.1,,,,,100.4,99.2,98.9,4.7160543,4.5383586
1983-06-01,,11246.0,10.1,,,,,100.6,99.4,99.2,4.8201385,4.7208859
1983-07-01,,10548.0,9.4,6.096922410327377,,,,100.9,99.8,99.8,5.0530661,4.8680949
1983-08-01,,10623.0,9.5,,,,,101.2,100.1,100.1,5.2445032,5.0178961
1983-09-01,,10282.0,9.2,,,,,101.0,100.4,100.5,5.306806,5.1079768
1983-10-01,,9887.0,8.8,6.087172849586956,,,,100.8,100.8,101.0,5.176661,4.9742005
1983-11-01,,9499.0,8.5,,,,,100.5,101.1,101.5,5.2722768,5.0693748
1983-12-01,,9331.0,8.3,,,,,100.0,101.4,101.8,5.2879103,5.0893714
1984-01-01,,9008.0,8.0,6.077245221451282,,,,100.2,102.1,102.5,5.2895805,5.0640591
1984-02-01,,8791.0,7.8,,,,,101.4,102.6,102.8,5.2269107,5.0342412
1984-03-01,,8746.0,7.8,,,,,101.4,102.9,103.2,5.3329609,5.1736894
1984-04-01,,8762.0,7.7,6.067121449278656,,,,101.7,103.3,103.7,5.5447374,5.3137983
1984-05-01,,8456.0,7.4,,,,,101.6,103.5,104.1,5.6723311,5.4463469
1984-06-01,,8226.0,7.2,,,,,100.8,103.7,104.5,5.9555015,5.735139
1984-07-01,,8537.0,7.5,6.05678275733291,,,,100.5,104.1,105.0,5.9872872,5.7354156
1984-08-01,,8519.0,7.5,,,,,100.1,104.4,105.4,5.6286644,5.4270067
1984-09-01,,8367.0,7.3,,,,,100.6,104.7,105.8,5.6346505,5.4416381
1984-10-01,,8381.0,7.4,6.04620963394339,,,,101.1,105.1,106.2,5.4775321,5.2147606
1984-11-01,,8198.0,7.2,,,,,100.8,105.3,106.4,5.1955653,5.0159744
1984-12-01,,8358.0,7.3,,,,,100.1,105.5,106.8,5.1964384,5.0342399
1985-01-01,,8423.0,7.3,6.035381780382186,,,,100.3,105.7,107.1,5.2678966,5.1142968
1985-02-01,,8321.0,7.2,,,,,100.3,106.3,107.7,5.1681521,5.0420932
1985-03-01,,8339.0,7.2,,,,,101.3,106.8,108.1,5.4160472,5.262634
1985-04-01,,8395.0,7.3,6.024278237998455,,,,102.3,107.0,108.4,5.1858666,5.0197753
1985-05-01,,8302.0,7.2,,,,,102.2,107.2,108.8,5.1176656,4.984325
1985-06-01,,8460.0,7.4,,,,,102.2,107.5,109.1,4.7352092,4.5913278
1985-07-01,,8513.0,7.4,6.012878079880752,,,,102.2,107.7,109.4,4.6871707,4.5623268
1985-08-01,,8196.0,7.1,,,,,101.2,107.9,109.8,4.8273963,4.7152609
1985-09-01,,8248.0,7.1,,,,,101.2,108.1,110.0,4.7479857,4.6239161
1985-10-01,,8298.0,7.1,6.00116223674976,,,,101.2,108.5,110.5,4.7330919,4.6152271
1985-11-01,,8128.0,7.0,,,,,101.8,109.0,111.1,4.60993,4.4988455
1985-12-01,,8138.0,7.0,,,,,102.4,109.5,111.4,4.4539531,4.3655158
1986-01-01,,7795.0,6.7,5.989116414842148,,,22.93,102.6,109.9,111.9,4.212592,4.1387884
1986-02-01,,8402.0,7.2,,,,15.46,99.5,109.7,112.2,4.2082108,4.1181726
1986-03-01,,8383.0,7.2,,,,12.61,92.6,109.1,112.5,3.8096178,3.7367611
1986-04-01,,8364.0,7.1,5.976734424943743,,,12.84,87.2,108.7,112.9,3.5732099,3.5536733
1986-05-01,,8439.0,7.2,,,,15.38,87.2,109.0,113.1,3.5965277,3.6077332
1986-06-01,,8508.0,7.2,,,,13.43,88.8,109.4,113.4,3.970955,3.9272729
1986-07-01,,8319.0,7.0,5.96401752308534,,,11.59,85.6,109.5,113.8,3.7326121,3.6712197
1986-08-01,,8135.0,6.9,,,,15.1,83.6,109.6,114.2,3.6670792,3.6324582
1986-09-01,,8310.0,7.0,,,,14.87,84.4,110.0,114.6,3.4832183,3.4359002
1986-10-01,,8243.0,7.0,5.9509733113858925,,,14.9,82.8,110.2,115.0,3.6682398,3.6344365
1986-11-01,,8159.0,6.9,,,,15.22,82.1,110.4,115.3,3.5598949,3.5555861
1986-12-01,,7883.0,6.6,,,,16.11,82.5,110.8,115.6,3.547735,3.4800833
1987-01-01,,7892.0,6.6,5.93761432694183,,,18.65,85.4,111.4,115.9,3.561959,3.5240979
1987-02-01,,7865.0,6.6,,,,17.75,87.4,111.8,116.2,3.5717725,3.5218239
1987-03-01,,7862.0,6.6,,,,18.3,87.6,112.2,116.6,3.4019766,3.3855791
1987-04-01,,7542.0,6.3,5.9239565541955255,,,18.68,87.6,112.7,117.3,3.6790244,3.6251496
1987-05-01,,7574.0,6.3,,,,19.44,87.1,113.0,117.7,4.0365134,3.9809201
1987-06-01,,7398.0,6.2,,,,20.07,88.5,113.5,117.9,3.9936579,3.9050188
1987-07-01,,7268.0,6.1,5.910018036177342,,,21.34,89.2,113.8,118.3,4.0378481,3.9670631
1987-08-01,,7261.0,6.0,,,,20.31,90.5,114.3,118.7,4.1423663,4.0511275
1987-09-01,,7102.0,5.9,,,,19.53,90.3,114.7,119.2,4.2525761,4.1489692
1987-10-01,,7227.0,6.0,5.895817685945078,,,19.86,89.6,115.0,119.8,4.3840176,4.2518415
1987-11-01,,7035.0,5.8,,,,18.85,90.0,115.4,120.1,4.2185759,4.1747832
1987-12-01,,6936.0,5.7,,,,17.28,89.5,115.6,120.4,4.3057357,4.2591451
1988-01-01,,6953.0,5.7,5.881374336705857,,,17.13,88.8,116.0,120.9,4.2185048,4.2204345
1988-02-01,,6929.0,5.7,,,,16.8,88.7,116.2,121.2,3.9079721,3.8472522
1988-03-01,,6876.0,5.7,,,,16.2,88.4,116.5,121.7,3.8587,3.8109943
1988-04-01,,6601.0,5.4,5.866706042791119,,,17.86,88.8,117.2,122.3,4.0993614,4.0198724
1988-05-01,,6779.0,5.6,,,,17.42,88.5,117.5,122.7,4.1527081,4.0553785
1988-06-01,,6546.0,5.4,,,,16.53,88.9,118.0,123.2,4.2013861,4.1290591
1988-07-01,,6605.0,5.4,5.8518296238788325,,,15.5,89.4,118.5,123.6,4.1914496,4.0784464
1988-08-01,,6843.0,5.6,,,,15.52,90.1,119.0,124.0,4.2245312,4.0871682
1988-09-01,,6604.0,5.4,,,,14.54,89.8,119.5,124.7,4.3112075,4.1697337
1988-10-01,,6568.0,5.4,5.836760431905278,,,13.77,89.8,119.9,125.2,4.1905648,4.0496883
1988-11-01,,6537.0,5.3,,,,14.14,89.8,120.3,125.6,4.1247181,4.0008188
1988-12-01,,6518.0,5.3,,,,16.38,89.6,120.7,126.0,4.2733455,4.1229057
1989-01-01,,6682.0,5.4,5.821512311844543,,,18.02,90.3,121.2,126.5,4.4231783,4.2885136
1989-02-01,,6359.0,5.2,,,,17.94,90.8,121.6,126.9,4.3268648,4.1899346
1989-03-01,,6205.0,5.0,,,,19.48,91.8,122.2,127.4,4.475805,4.3288816
1989-04-01,,6468.0,5.2,5.806097722352712,,,21.07,96.6,123.1,127.8,4.4522621,4.2662182
1989-05-01,,6375.0,5.2,,,,20.12,97.4,123.7,128.3,4.3287558,4.0993473
1989-06-01,,6577.0,5.3,,,,20.05,96.9,124.1,128.8,4.1293704,3.9601983
1989-07-01,,6495.0,5.2,5.790527979192876,,,19.78,96.7,124.5,129.2,3.9122299,3.7419337
1989-08-01,,6511.0,5.2,,,,18.58,94.9,124.5,129.5,3.732451,3.5784885
1989-09-01,,6590.0,5.3,,,,19.59,93.8,124.8,129.9,3.9228887,3.797509
1989-10-01,,6630.0,5.3,5.774813582840189,,,20.1,94.4,125.4,130.6,3.9787139,3.8261876
1989-11-01,,6725.0,5.4,,,,19.86,93.9,125.9,131.1,3.8128033,3.6877522
1989-12-01,,6667.0,5.4,,,,21.1,94.2,126.3,131.6,3.74474,3.6632645
1990-01-01,,6752.0,5.4,5.758964591342092,,,22.86,98.9,127.5,132.1,3.9338049,3.790805
1990-02-01,,6651.0,5.3,,,,22.11,98.2,128.0,132.7,4.132471,3.9721427
1990-03-01,,6598.0,5.2,,,,20.39,97.6,128.6,133.5,4.077403,3.9572843
1990-04-01,,6797.0,5.4,5.742991000135081,,,18.43,97.5,128.9,134.0,4.09831,3.9574181
1990-05-01,,6742.0,5.4,,,,18.2,96.7,129.1,134.4,4.2719379,4.1366521
1990-06-01,,6590.0,5.2,,,,16.7,97.3,129.9,135.1,4.0830436,3.9542983
1990-07-01,,6922.0,5.5,5.726903091933299,,,18.45,97.1,130.5,135.8,3.9965096,3.8638041
1990-08-01,,7188.0,5.7,,,,27.31,101.6,131.6,136.6,3.9608557,3.8256958
1990-09-01,,7368.0,5.9,,,,33.51,106.5,132.5,137.1,4.258632,4.0734267
1990-10-01,,7459.0,5.9,5.710711721892166,,,36.04,110.8,133.4,137.6,4.2196479,3.9925768
1990-11-01,,7764.0,6.2,,,,32.33,111.2,133.7,138.0,4.1871576,3.9799187
1990-12-01,,7901.0,6.3,,,,27.28,111.0,134.2,138.6,4.0668749,3.8566272
1991-01-01,,8015.0,6.4,5.694428505931164,,,25.23,108.5,134.7,139.5,3.9044912,3.8045971
1991-02-01,,8265.0,6.6,,,,20.48,104.5,134.8,140.2,3.8019376,3.7259127
1991-03-01,,8586.0,6.8,,,,19.9,101.9,134.8,140.5,3.9307824,3.8681694
1991-04-01,,8439.0,6.7,5.678065883314299,,,20.83,101.2,135.1,140.9,3.8447069,3.7655984
1991-05-01,,8736.0,6.9,,,,21.23,102.1,135.6,141.3,3.8320852,3.7827617
1991-06-01,,8692.0,6.9,,,,20.19,101.1,136.0,141.8,3.8973419,3.865324
1991-07-01,,8586.0,6.8,5.661637028291996,,,21.4,100.7,136.2,142.3,3.9622367,3.8906803
1991-08-01,,8666.0,6.9,,,,21.69,101.1,136.6,142.9,3.9151705,3.8552348
1991-09-01,,8722.0,6.9,,,,21.89,101.5,137.0,143.4,3.7365516,3.6904141
1991-10-01,,8842.0,7.0,5.645155589773301,,,23.23,101.6,137.2,143.7,3.6371727,3.589857
1991-11-01,,8931.0,7.0,,,,22.46,102.4,137.8,144.2,3.5845422,3.5532004
1991-12-01,,9198.0,7.3,,,,19.5,103.1,138.2,144.7,3.5340725,3.4956178
1992-01-01,,9283.0,7.3,5.628635242602321,,,18.79,101.5,138.3,145.1,3.3735655,3.3688217
1992-02-01,,9454.0,7.4,,,,19.01,101.2,138.6,145.4,3.572292,3.5751286
1992-03-01,,9460.0,7.4,,,,18.92,101.2,139.1,145.9,3.6410505,3.6100297
1992-04-01,,9415.0,7.4,5.612089039046045,,,20.23,101.4,139.4,146.3,3.6454319,3.641295
1992-05-01,,9744.0,7.6,,,,20.98,102.0,139.7,146.8,3.6681125,3.6711864
1992-06-01,,10040.0,7.8,,,,22.39,103.3,140.1,147.1,3.610977,3.5871738
1992-07-01,,9850.0,7.7,5.595528554558459,,,21.78,103.7,140.5,147.6,3.4417603,3.4468602
1992-08-01,,9787.0,7.6,,,,21.34,103.5,140.8,147.9,3.2935208,3.3154797
1992-09-01,,9781.0,7.6,,,,21.88,103.6,141.1,148.1,3.1788101,3.2081161
1992-10-01,,9398.0,7.3,5.578962827771389,,,21.69,104.3,141.7,148.8,3.0571779,3.0892278
1992-11-01,,9565.0,7.4,,,,20.34,105.1,142.1,149.2,3.3134226,3.3433578
1992-12-01,,9557.0,7.4,,,,19.41,105.3,142.3,149.6,3.3930127,3.4364061
1993-01-01,,9325.0,7.3,5.55200824023352,,,19.03,105.0,142.8,150.1,3.2961372,3.3294652
1993-02-01,,9183.0,7.1,,,,20.09,104.3,143.1,150.6,3.1436628,3.1872819
1993-03-01,,9056.0,7.0,,,,20.32,104.9,143.3,150.8,2.9893232,3.0120671
1993-04-01,,9110.0,7.1,5.5325457029884095,,,20.25,104.9,143.8,151.4,3.0250809,3.0608057
1993-05-01,,9149.0,7.1,,,,19.95,104.3,144.2,151.8,2.9599668,3.0064162
1993-06-01,,9121.0,7.0,,,,19.09,103.9,144.3,152.1,2.9650958,2.9998339
1993-07-01,,8930.0,6.9,5.5128995105853695,,,17.89,103.4,144.5,152.3,2.9083766,2.946292
1993-08-01,,8763.0,6.8,,,,18.01,103.4,144.8,152.8,2.9558867,2.9933546
1993-09-01,,8714.0,6.7,,,,17.5,103.0,145.0,152.9,2.7977435,2.8470506
1993-10-01,,8750.0,6.8,5.49312813937566,,,18.15,105.3,145.6,153.4,2.8056769,2.8473516
1993-11-01,,8542.0,6.6,,,,16.61,104.4,146.0,153.9,2.8765847,2.9136774
1993-12-01,,8477.0,6.5,,,,14.52,103.7,146.3,154.3,2.9210619,2.9813298
1994-01-01,,8630.0,6.6,5.47329460823613,,,15.03,102.8,146.3,154.5,2.9871292,3.0223498
1994-02-01,,8583.0,6.6,,,,14.78,104.1,146.7,154.8,2.9222979,2.9679993
1994-03-01,,8470.0,6.5,,,,14.68,104.3,147.1,155.3,3.1994656,3.2001088
1994-04-01,,8331.0,6.4,5.45346531882121,,,16.42,103.7,147.2,155.5,3.4636815,3.4756939
1994-05-01,,7915.0,6.1,,,,17.89,102.8,147.5,155.9,3.4494182,3.4511028
1994-06-01,,7927.0,6.1,,,,19.06,103.1,147.9,156.4,3.5072882,3.4930951
1994-07-01,,7946.0,6.1,5.433708845509489,,,19.66,104.5,148.4,156.7,3.5899216,3.6032277
1994-08-01,,7933.0,6.0,,,,18.38,106.7,149.0,157.1,3.4585097,3.4472497
1994-09-01,,7734.0,5.9,,,,17.45,106.1,149.3,157.5,3.4849932,3.4803927
1994-10-01,,7632.0,5.8,5.41409470278955,,,17.72,105.7,149.4,157.8,3.6959001,3.669374
1994-11-01,,7375.0,5.6,,,,18.07,106.1,149.8,158.2,3.8060235,3.7800547
1994-12-01,,7230.0,5.5,,,,17.16,105.9,150.1,158.3,3.8881283,3.8150244
1995-01-01,,7375.0,5.6,5.39469211786714,,,18.04,105.7,150.5,159.0,3.9098209,3.86664
1995-02-01,,7187.0,5.4,,,,18.57,105.8,150.9,159.4,3.7985512,3.7690674
1995-03-01,,7153.0,5.4,,,,18.54,105.5,151.2,159.9,3.6076784,3.5760654
1995-04-01,,7645.0,5.8,5.37556883567923,,,19.9,105.6,151.8,160.4,3.5623481,3.5231408
1995-05-01,,7430.0,5.6,,,,19.74,105.8,152.1,160.7,3.3939611,3.3296496
1995-06-01,,7427.0,5.6,,,,18.45,106.7,152.4,161.1,3.0388568,3.015143
1995-07-01,,7527.0,5.7,5.3567899822909295,,,17.33,105.8,152.6,161.4,3.1207426,3.0816679
1995-08-01,,7484.0,5.7,,,,18.02,105.6,152.9,161.8,3.2087773,3.1708179
1995-09-01,,7478.0,5.6,,,,18.23,104.1,153.1,162.2,3.1469164,3.1177132
1995-10-01,,7328.0,5.5,5.338417010860329,,,17.43,104.4,153.5,162.7,3.1003828,3.0711001
1995-11-01,,7426.0,5.6,,,,17.99,103.4,153.7,163.0,3.0260705,3.0207028
1995-12-01,,7423.0,5.6,,,,19.03,104.4,153.9,163.1,2.8396168,2.8370533
1996-01-01,,7491.0,5.6,5.320506752031689,,,18.86,106.9,154.7,163.7,2.9044142,2.8814735
1996-02-01,,7313.0,5.5,,,,19.09,107.1,155.0,164.0,2.8735922,2.8671836
1996-03-01,,7318.0,5.5,,,,21.33,108.3,155.5,164.4,2.9312469,2.9629321
1996-04-01,,7415.0,5.6,5.3031105878163,,,23.5,111.2,156.1,164.6,3.1386677,3.1097521
1996-05-01,,7423.0,5.6,,,,21.17,112.0,156.4,165.0,3.2939379,3.2719934
1996-06-01,,7095.0,5.3,,,,20.42,110.3,156.7,165.4,3.3792623,3.3646355
1996-07-01,,7337.0,5.5,5.28627376481136,,,21.3,110.1,157.0,165.7,3.2777951,3.2589758
1996-08-01,,6882.0,5.1,,,,21.9,109.7,157.2,166.0,3.2714208,3.2637507
1996-09-01,,6979.0,5.2,,,,23.97,109.8,157.7,166.5,3.3626417,3.3520617
1996-10-01,,7031.0,5.2,5.270034859068169,,,24.88,110.5,158.2,166.8,3.291125,3.2741396
1996-11-01,,7236.0,5.4,,,,23.71,111.8,158.7,167.2,3.201551,3.1953407
1996-12-01,,7253.0,5.4,,,,25.23,113.9,159.1,167.4,3.0469903,3.040501
1997-01-01,,7158.0,5.3,5.25442540113615,,,25.13,115.2,159.4,167.8,3.2527803,3.2421093
1997-02-01,,7102.0,5.2,,,,22.18,115.0,159.7,168.1,3.2410933,3.2370082
1997-03-01,,7000.0,5.2,,,,20.97,113.0,159.8,168.4,3.2842784,3.2576053
1997-04-01,,6873.0,5.1,5.23946966586832,,,19.7,111.0,159.9,168.9,3.3945573,3.3733109
1997-05-01,,6655.0,4.9,,,,20.82,108.8,159.9,169.2,3.3190744,3.3054865
1997-06-01,,6799.0,5.0,,,,19.26,110.0,160.2,169.4,3.3073558,3.2962754
1997-07-01,,6655.0,4.9,5.22518462756924,,,19.66,109.1,160.4,169.7,3.2099577,3.1968296
1997-08-01,,6608.0,4.8,,,,19.95,110.9,160.8,169.8,3.1359342,3.1381246
1997-09-01,,6656.0,4.9,,,,19.8,112.4,161.2,170.2,3.1510133,3.1400638
1997-10-01,,6454.0,4.7,5.21158007709276,,,21.33,111.8,161.5,170.6,3.1114874,3.1142757
1997-11-01,,6308.0,4.6,,,,20.19,111.4,161.7,170.8,3.0804703,3.0902691
1997-12-01,,6476.0,4.7,,,4.7,18.33,109.8,161.8,171.2,3.0051158,2.9939903
1998-01-01,,6368.0,4.6,5.19865889364543,,4.7,16.72,107.5,162.0,171.6,2.9382678,2.9523563
1998-02-01,,6306.0,4.6,,,4.7,16.06,105.1,162.0,171.9,2.880843,2.9135125
1998-03-01,,6422.0,4.7,,,4.7,15.12,103.3,162.0,172.2,2.9492702,2.9446482
1998-04-01,,5941.0,4.3,5.1864174604119695,,4.8,15.35,102.4,162.2,172.5,2.9132183,2.9271605
1998-05-01,,6047.0,4.4,,,4.9,14.91,103.2,162.6,172.9,2.9397546,2.9741111
1998-06-01,,6212.0,4.5,,,4.9,13.72,103.6,162.8,173.2,2.8680824,2.9159772
1998-07-01,,6259.0,4.5,5.17484620977586,,5.0,14.17,103.3,163.2,173.5,2.9067383,2.9275565
1998-08-01,,6179.0,4.5,,,5.0,13.47,102.1,163.4,174.0,2.8945642,2.9154367
1998-09-01,,6300.0,4.6,,,5.0,15.03,101.3,163.5,174.2,2.7051991,2.7392548
1998-10-01,,6280.0,4.5,5.16393028093661,,5.0,14.46,101.5,163.9,174.4,2.3610562,2.407417
1998-11-01,,6100.0,4.4,,,5.0,13.0,101.1,164.1,174.8,2.4871923,2.5441109
1998-12-01,,6032.0,4.4,,,5.0,11.35,100.1,164.4,175.4,2.4476835,2.5016398
1999-01-01,,5976.0,4.3,5.1536502701945,,5.1,12.52,99.7,164.7,175.6,2.5374704,2.5871265
1999-02-01,,6111.0,4.4,,,5.1,12.01,99.2,164.7,175.6,2.5762176,2.6252973
1999-03-01,,5783.0,4.2,,,5.2,14.68,100.4,164.8,175.7,2.7759983,2.789154
1999-04-01,,6004.0,4.3,5.1439830521394,,5.1,17.31,105.5,165.9,176.3,2.7859107,2.7963377
1999-05-01,,5796.0,4.2,,,5.1,17.72,104.9,166.0,176.5,2.8328002,2.8490328
1999-06-01,,5951.0,4.3,,,5.1,17.92,104.5,166.0,176.6,2.8834057,2.9371065
1999-07-01,,6025.0,4.3,5.13490264848964,,5.0,20.1,106.7,166.7,177.1,2.9953284,3.0105503
1999-08-01,,5838.0,4.2,,,5.0,21.28,109.5,167.1,177.3,3.0416531,3.0557115
1999-09-01,,5915.0,4.2,,,5.0,23.8,111.8,167.8,177.8,3.0610875,3.0939121
1999-10-01,,5778.0,4.1,5.12638112041102,,5.1,22.69,112.0,168.1,178.1,3.116893,3.134861
1999-11-01,,5716.0,4.1,,,5.1,25.0,111.5,168.4,178.4,3.1453348,3.1492332
1999-12-01,,5653.0,4.0,,,5.0,26.1,113.8,168.8,178.7,3.2277521,3.2173645
2000-01-01,,5708.0,4.0,5.118389459825649,,5.0,27.26,115.0,169.3,179.3,3.2823419,3.2743698
2000-02-01,,5858.0,4.1,,,5.0,29.37,118.8,170.0,179.4,3.3621613,3.3488244
2000-03-01,,5733.0,4.0,,,4.9,29.84,124.3,171.0,180.0,3.3569548,3.3286618
2000-04-01,,5481.0,3.8,5.11089845549919,,4.9,25.72,120.9,170.9,180.3,3.209133,3.1782392
2000-05-01,,5758.0,4.0,,,4.9,28.79,120.0,171.2,180.7,3.3170395,3.2724233
2000-06-01,,5651.0,4.0,,,5.0,31.82,126.8,172.2,181.1,3.3996781,3.3262841
2000-07-01,,5747.0,4.0,5.10387951056623,,5.0,29.7,127.3,172.7,181.5,3.117007,3.0885155
2000-08-01,,5853.0,4.1,,,5.0,31.26,123.8,172.7,181.9,3.1030372,3.0654361
2000-09-01,,5625.0,3.9,,,5.0,33.88,129.2,173.6,182.3,3.0379651,2.9890166
2000-10-01,,5534.0,3.9,5.0973053895934894,,5.0,33.11,129.6,173.9,182.6,3.0050308,2.9611545
2000-11-01,,5639.0,3.9,,,5.1,34.42,129.2,174.2,183.1,2.9938058,2.9558753
2000-12-01,5088.0,5634.0,3.9,,,5.1,28.44,130.1,174.6,183.3,2.92333,2.8761227
2001-01-01,5234.0,6023.0,4.2,5.09115087525391,87.6,5.1,29.59,135.0,175.6,183.9,2.5494034,2.5332933
2001-02-01,5097.0,6089.0,4.2,,,5.2,29.61,134.1,176.0,184.4,2.621347,2.6418159
2001-03-01,4762.0,6141.0,4.3,,,5.2,27.25,131.7,176.1,184.7,2.4433275,2.4986875
2001-04-01,4615.0,6271.0,4.4,5.0853933171443,88.4,5.2,27.49,132.3,176.4,185.1,2.5638164,2.586794
2001-05-01,4425.0,6226.0,4.3,,,5.2,28.63,138.4,177.3,185.3,2.7393712,2.7619294
2001-06-01,4361.0,6484.0,4.5,,,5.3,27.6,136.9,177.7,186.0,2.8132368,2.8453051
2001-07-01,4447.0,6583.0,4.6,5.08001305816486,89.2,5.2,26.43,129.6,177.4,186.4,2.7770899,2.8069829
2001-08-01,4024.0,7042.0,4.9,,,5.2,27.37,127.3,177.4,186.7,2.6512123,2.6864373
2001-09-01,4071.0,7142.0,5.0,,,5.2,26.2,130.9,178.1,187.1,2.7639095,2.7490267
2001-10-01,3707.0,7694.0,5.3,5.0749937271223695,90.0,5.2,22.17,122.9,177.6,187.4,2.4540425,2.5279263
2001-11-01,3775.0,8003.0,5.5,,,5.1,19.64,116.9,177.5,188.1,2.3031101,2.3965374
2001-12-01,3677.0,8258.0,5.7,,,5.1,19.39,113.9,177.4,188.4,2.5981913,2.6393462
2002-01-01,3699.0,8182.0,5.7,5.07032238974232,90.7,5.1,19.72,114.2,177.7,188.7,2.690029,2.7899369
2002-02-01,3436.0,8215.0,5.7,,,5.0,20.72,113.5,178.0,189.1,2.598242,2.7123769
2002-03-01,3612.0,8304.0,5.7,,,4.9,24.53,117.6,178.5,189.2,2.5771039,2.7046551
2002-04-01,3471.0,8599.0,5.9,5.0659895539952,91.6,4.8,26.18,121.5,179.3,189.7,2.8771123,2.9520356
2002-05-01,3457.0,8399.0,5.8,,,4.8,27.04,121.9,179.5,190.0,2.726947,2.7927848
2002-06-01,3412.0,8393.0,5.8,,,4.7,25.52,121.6,179.6,190.2,2.6363852,2.7303686
2002-07-01,3367.0,8390.0,5.8,5.06198902947023,92.0,4.6,26.97,122.4,180.0,190.5,2.5567135,2.6473991
2002-08-01,3517.0,8304.0,5.7,,,4.5,28.39,123.1,180.5,191.1,2.2898134,2.3926105
2002-09-01,3301.0,8251.0,5.7,,,4.4,29.66,123.7,180.8,191.3,2.1123063,2.2175256
2002-10-01,3479.0,8307.0,5.7,5.05831764437482,92.3,4.3,28.84,126.9,181.2,191.5,2.0140466,2.1200192
2002-11-01,3514.0,8520.0,5.9,,,4.1,26.35,126.7,181.5,191.9,2.0833957,2.1935127
2002-12-01,3169.0,8640.0,6.0,,,4.1,29.46,127.1,181.8,192.1,2.1991385,2.3274091
2003-01-01,3441.0,8520.0,5.8,5.0549748275089,93.3,4.0,32.95,133.5,182.6,192.4,2.1398604,2.2439394
2003-02-01,3229.0,8618.0,5.9,,,4.0,35.83,140.8,183.6,192.5,2.1441728,2.2455641
2003-03-01,3099.0,8588.0,5.9,,,3.9,33.51,143.9,183.9,192.5,1.961785,2.0783864
2003-04-01,3108.0,8842.0,6.0,5.05196206617004,93.8,3.8,28.17,136.5,183.2,192.5,2.0118818,2.1166901
2003-05-01,3289.0,8957.0,6.1,,,3.7,28.11,129.4,182.9,192.9,1.9938746,2.1170777
2003-06-01,3390.0,9266.0,6.3,,,3.7,30.66,129.8,183.1,193.0,1.9096553,1.9788142
2003-07-01,2981.0,9011.0,6.2,5.04928225430245,94.7,3.7,30.76,132.2,183.7,193.4,1.8271572,1.973451
2003-08-01,3190.0,8896.0,6.1,,,3.6,31.57,137.8,184.5,193.6,2.1533766,2.2894709
2003-09-01,3091.0,8921.0,6.1,,,3.6,28.31,142.9,185.1,193.7,2.2694506,2.3966164
2003-10-01,3305.0,8732.0,6.0,5.0469389482292,95.2,3.6,30.34,137.8,184.9,194.0,1.9707333,2.1063259
2003-11-01,3324.0,8576.0,5.8,,,3.6,31.11,136.9,185.0,194.0,2.1622536,2.2911369
2003-12-01,3414.0,8317.0,5.7,,,3.5,32.13,138.8,185.5,194.2,2.2638564,2.3653793
2004-01-01,3424.0,8370.0,5.7,5.044935549930529,95.7,3.5,34.31,143.9,186.3,194.6,2.1820702,2.3167501
2004-02-01,3532.0,8167.0,5.6,,,3.4,34.69,145.8,186.7,194.9,2.1503905,2.2754574
2004-03-01,3525.0,8491.0,5.8,,,3.5,36.74,145.1,187.1,195.5,2.0215474,2.1716856
2004-04-01,3511.0,8170.0,5.6,5.04327443998783,96.4,3.4,36.75,143.4,187.4,195.9,2.0143899,2.1480768
2004-05-01,3710.0,8212.0,5.6,,,3.4,40.28,147.6,188.2,196.2,2.346638,2.4546894
2004-06-01,3337.0,8286.0,5.6,,,3.4,38.03,151.5,188.9,196.6,2.4943283,2.5673682
2004-07-01,3814.0,8136.0,5.5,5.04195608394937,97.2,3.4,40.78,151.1,189.1,196.8,2.3982173,2.501857
2004-08-01,3541.0,7990.0,5.4,,,3.4,44.9,151.5,189.2,196.9,2.3820341,2.4716518
2004-09-01,3821.0,7927.0,5.4,,,3.4,45.94,152.9,189.8,197.5,2.3099442,2.3558656
2004-10-01,3943.0,8061.0,5.5,5.04097813694991,97.7,3.5,53.28,158.6,190.8,197.9,2.248695,2.3505515
2004-11-01,3472.0,7932.0,5.4,,,3.5,48.47,163.8,191.7,198.3,2.2193785,2.3070912
2004-12-01,4074.0,7934.0,5.4,,,3.5,43.15,162.3,191.7,198.6,2.2120976,2.3469422
2005-01-01,3804.0,7784.0,5.3,5.04033457190233,98.3,3.5,46.84,157.2,191.6,199.0,2.272125,2.3687512
2005-02-01,3965.0,7980.0,5.4,,,3.5,48.15,161.8,192.4,199.4,2.2774428,2.3706533
2005-03-01,4044.0,7737.0,5.2,,,3.5,54.19,163.5,193.1,200.1,2.4031048,2.474904
2005-04-01,4159.0,7672.0,5.2,5.04001485646218,98.8,3.6,52.98,166.7,193.7,200.2,2.4627918,2.5215946
2005-05-01,3797.0,7651.0,5.1,,,3.6,49.83,163.3,193.6,200.5,2.3666671,2.4035554
2005-06-01,4062.0,7524.0,5.0,,,3.7,56.35,163.7,193.7,200.6,2.2411759,2.2949612
2005-07-01,4256.0,7406.0,5.0,5.04000320324226,99.4,3.7,59.0,172.8,194.9,200.9,2.3035728,2.359812
2005-08-01,4142.0,7345.0,4.9,,,3.7,64.99,183.5,196.1,201.1,2.4298717,2.4709578
2005-09-01,4352.0,7553.0,5.0,,,3.7,65.59,208.2,198.8,201.3,2.323965,2.3536565
2005-10-01,4184.0,7453.0,5.0,5.040277916439569,100.1,3.8,62.26,205.9,199.1,202.0,2.556126,2.5492617
2005-11-01,4248.0,7566.0,5.0,,,3.8,58.32,191.0,198.1,202.5,2.6116749,2.5758744
2005-12-01,4282.0,7279.0,4.9,,,3.9,59.41,187.6,198.1,202.8,2.6256415,2.5702512
2006-01-01,4397.0,7064.0,4.7,5.04081085615472,100.8,3.9,65.49,196.6,199.3,203.2,2.4179209,2.4488727
2006-02-01,4325.0,7184.0,4.8,,,3.9,61.63,194.1,199.4,203.6,2.4925589,2.5135642
2006-03-01,4732.0,7072.0,4.7,,,3.9,62.69,192.0,199.7,204.3,2.3740367,2.4741254
2006-04-01,4790.0,7120.0,4.7,5.04156703927619,101.6,4.0,69.44,198.5,200.7,204.8,2.6220555,2.6257421
2006-05-01,4463.0,6980.0,4.6,,,4.0,70.84,199.8,201.3,205.4,2.6766408,2.6635907
2006-06-01,4614.0,7001.0,4.6,,,3.9,70.95,199.8,201.8,205.9,2.6644275,2.6658287
2006-07-01,4394.0,7175.0,4.7,5.04250439291843,102.5,3.9,74.41,207.9,202.9,206.3,2.7219999,2.721923
2006-08-01,4710.0,7091.0,4.7,,,3.9,73.04,211.9,203.8,206.8,2.6393349,2.6194038
2006-09-01,4737.0,6847.0,4.5,,,3.9,63.8,198.1,202.8,207.2,2.5251677,2.5174803
2006-10-01,4591.0,6727.0,4.4,5.04357367310739,103.3,3.8,58.89,184.1,201.9,207.6,2.4628321,2.485753
2006-11-01,4645.0,6872.0,4.5,,,3.8,59.08,184.1,202.0,207.8,2.3106579,2.3789791
2006-12-01,4620.0,6762.0,4.4,,,3.9,61.96,192.7,203.1,208.1,2.2915076,2.3467956
2007-01-01,4763.0,7116.0,4.6,5.04471855777112,104.3,3.9,54.51,190.281,203.437,208.6,2.5310126,2.5293118
2007-02-01,4699.0,6927.0,4.5,,,3.9,59.28,192.31,204.226,209.135,2.5721237,2.5756304
2007-03-01,4962.0,6731.0,4.4,,,4.0,60.44,200.206,205.288,209.418,2.4818584,2.4594415
2007-04-01,4689.0,6850.0,4.5,5.04587591919752,105.1,4.0,63.98,203.307,205.904,209.747,2.4880411,2.4786022
2007-05-01,4657.0,6766.0,4.4,,,4.0,63.46,208.635,206.755,210.058,2.5464455,2.524481
2007-06-01,4859.0,6979.0,4.6,,,4.0,67.49,209.799,207.234,210.392,2.7193803,2.6718196
2007-07-01,4598.0,7149.0,4.7,5.04697627705214,105.9,4.1,74.12,209.639,207.603,210.773,2.6195574,2.6399293
2007-08-01,4546.0,7067.0,4.6,,,4.1,72.36,206.412,207.667,211.119,2.4884813,2.4898174
2007-09-01,4652.0,7170.0,4.7,,,4.2,79.92,210.742,208.547,211.554,2.3982691,2.4115217
2007-10-01,4636.0,7237.0,4.7,5.04794442889684,106.7,4.2,85.8,212.386,209.19,212.077,2.3895245,2.4520543
2007-11-01,4646.0,7240.0,4.7,,,4.2,94.77,223.814,210.834,212.66,2.3891912,2.3840553
2007-12-01,4545.0,7645.0,5.0,,,4.2,91.69,225.649,211.445,213.168,2.1453352,2.1470427
2008-01-01,4624.0,7685.0,5.0,5.04870025100836,107.6,4.1,92.97,226.775,212.174,213.771,2.1512253,2.174666
2008-02-01,4279.0,7497.0,4.9,,,4.1,95.39,229.731,212.687,213.939,2.0129504,2.0725733
2008-03-01,4225.0,7822.0,5.1,,,4.1,105.45,233.349,213.448,214.42,1.8505815,1.9412978
2008-04-01,4035.0,7637.0,5.0,5.0491596582576,108.4,4.1,112.58,234.778,213.942,214.56,1.9073272,2.0011092
2008-05-01,4194.0,8395.0,5.4,,,4.1,125.4,243.924,215.208,214.936,2.1396628,2.2201559
2008-06-01,3830.0,8575.0,5.6,,,4.1,133.88,262.081,217.463,215.424,2.2835338,2.3034655
2008-07-01,3749.0,8937.0,5.8,5.04923570796679,109.0,4.1,133.37,271.149,219.016,215.965,2.3433765,2.343078
2008-08-01,3674.0,9438.0,6.1,,,4.1,116.67,262.566,218.69,216.393,2.3521255,2.3471243
2008-09-01,3222.0,9494.0,6.1,,,4.0,104.11,260.125,218.877,216.713,2.1877163,2.2096956
2008-10-01,3377.0,10074.0,6.5,5.048839829099929,109.5,4.0,76.61,238.065,216.995,216.788,1.9686992,2.1066821
2008-11-01,3231.0,10538.0,6.8,,,4.0,57.31,195.155,213.153,216.947,1.7893924,2.0072092
2008-12-01,3146.0,11286.0,7.3,,,4.0,41.12,176.583,211.398,216.925,1.3218537,1.5806981
2009-01-01,2738.0,12058.0,7.8,5.04788315494425,109.8,3.9,41.71,178.661,211.933,217.346,1.3752818,1.621304
2009-02-01,2864.0,12898.0,8.3,,,3.8,39.09,183.721,212.705,217.792,1.4101179,1.6701025
2009-03-01,2534.0,13426.0,8.7,,,3.8,47.94,178.415,212.495,218.253,1.2759688,1.6327655
2009-04-01,2295.0,13853.0,9.0,5.046277934679369,110.1,3.7,49.65,177.552,212.709,218.706,1.5198782,1.6962653
2009-05-01,2549.0,14499.0,9.4,,,3.7,59.03,179.83,213.022,218.904,1.6751807,1.8570946
2009-06-01,2503.0,14707.0,9.5,,,3.6,69.64,197.033,214.79,219.112,1.8190876,2.0073266
2009-07-01,2232.0,14601.0,9.5,5.04393899697215,110.5,3.4,64.15,195.778,214.726,219.263,1.8791617,2.0420241
2009-08-01,2338.0,14814.0,9.6,,,3.3,71.05,201.583,215.445,219.496,1.9783579,2.0934921
2009-09-01,2487.0,15009.0,9.8,,,3.1,69.41,202.777,215.861,219.92,1.988202,2.0688171
2009-10-01,2406.0,15352.0,10.0,5.04078523703139,111.0,3.0,75.72,204.719,216.509,220.501,1.7989016,1.9561555
2009-11-01,2503.0,15219.0,9.9,,,2.8,77.99,210.932,217.234,220.666,1.8819046,2.0233626
2009-12-01,2568.0,15098.0,9.9,,,2.6,74.47,209.915,217.347,220.881,1.767798,1.9064085
2010-01-01,2837.0,15046.0,9.8,5.03674109744988,111.4,2.5,78.33,212.807,217.488,220.633,1.9320247,2.0911325
2010-02-01,2666.0,15113.0,9.8,,,2.4,76.39,209.624,217.281,220.731,1.8645258,2.0165529
2010-03-01,2679.0,15202.0,9.9,,,2.3,81.2,209.326,217.353,220.783,1.8811108,2.0067599
2010-04-01,3153.0,15325.0,9.9,5.03173801268021,111.9,2.1,84.29,209.219,217.403,220.822,1.897095,2.0631275
2010-05-01,2988.0,14849.0,9.6,,,2.0,73.74,206.631,217.29,220.962,1.856677,2.0234055
2010-06-01,2801.0,14474.0,9.4,,,1.9,75.34,203.764,217.199,221.194,1.6983544,1.8811319
2010-07-01,3082.0,14512.0,9.4,5.02571578715021,112.3,1.8,76.32,206.877,217.605,221.363,1.5125837,1.7304709
2010-08-01,2999.0,14648.0,9.5,,,1.8,76.6,208.77,217.923,221.509,1.5327991,1.7086811
2010-09-01,2918.0,14579.0,9.5,,,1.8,75.24,209.832,218.275,221.711,1.3628384,1.580762
2010-10-01,3235.0,14516.0,9.4,5.01862387782517,112.9,1.7,81.89,216.71,219.035,221.83,1.4064908,1.5742367
2010-11-01,3211.0,15081.0,9.8,,,1.7,84.25,219.496,219.59,222.149,1.3817,1.5460638
2010-12-01,3058.0,14348.0,9.3,,,1.8,89.15,227.13,220.472,222.343,1.5370198,1.6945193
2011-01-01,3104.0,14013.0,9.1,5.01042255345427,113.2,1.8,89.17,229.258,221.187,222.803,1.8493193,1.9670054
2011-02-01,3226.0,13820.0,9.0,,,1.8,88.58,232.068,221.898,223.213,1.8901178,1.9901515
2011-03-01,3261.0,13737.0,9.0,,,1.8,102.86,240.079,223.046,223.454,1.9631042,2.048335
2011-04-01,3259.0,13957.0,9.1,5.0010839047711295,113.7,1.8,109.53,247.977,224.093,223.727,2.0073539,2.099215
2011-05-01,3179.0,13855.0,9.0,,,1.9,100.9,250.744,224.806,224.175,1.9651925,2.032293
2011-06-01,3455.0,13962.0,9.1,,,1.9,96.26,245.534,224.806,224.697,1.8123879,1.894122
2011-07-01,3623.0,13763.0,9.0,4.99059268251338,114.2,1.9,97.3,246.187,225.395,225.218,1.9369166,1.9889734
2011-08-01,3329.0,13818.0,9.0,,,2.0,86.33,246.88,226.106,225.862,1.5890717,1.7313642
2011-09-01,3774.0,13948.0,9.0,,,1.9,85.52,248.55,226.597,226.118,1.3655802,1.5583105
2011-10-01,3619.0,13594.0,8.8,4.978946943232169,114.7,2.0,86.32,246.655,226.75,226.506,1.4432293,1.5883361
2011-11-01,3565.0,13302.0,8.6,,,2.0,97.16,247.64,227.169,226.899,1.4665774,1.6085842
2011-12-01,3768.0,13093.0,8.5,,,2.0,98.56,243.353,227.223,227.405,1.5221908,1.6422125
2012-01-01,3909.0,12797.0,8.3,4.96615848641526,115.3,2.0,100.27,244.876,227.842,227.877,1.455813,1.6011744
2012-02-01,3616.0,12813.0,8.3,,,2.0,102.2,248.898,228.329,228.034,1.406833,1.5458862
2012-03-01,3979.0,12713.0,8.2,,,2.0,106.16,249.742,228.807,228.478,1.4255371,1.5801475
2012-04-01,3793.0,12646.0,8.2,4.95225307037503,115.8,2.1,103.32,249.677,229.187,228.905,1.527704,1.6497201
2012-05-01,3835.0,12660.0,8.2,,,2.1,94.66,241.806,228.713,229.224,1.4303528,1.5553438
2012-06-01,3911.0,12692.0,8.2,,,2.1,82.3,235.897,228.524,229.623,1.2066404,1.4156358
2012-07-01,3735.0,12656.0,8.2,4.93727039857332,116.3,2.1,87.9,233.568,228.59,229.97,1.3280776,1.4852789
2012-08-01,3809.0,12471.0,8.1,,,2.0,94.13,244.987,229.918,230.233,1.3348091,1.480409
2012-09-01,3882.0,12115.0,7.8,,,2.1,94.51,252.987,231.015,230.659,1.443758,1.5292492
2012-10-01,3775.0,12124.0,7.8,4.9212638724813695,116.7,2.1,89.49,256.017,231.638,231.024,1.3814058,1.5026504
2012-11-01,3878.0,12005.0,7.7,,,2.1,86.53,248.819,231.249,231.33,1.4037991,1.5179508
2012-12-01,3970.0,12298.0,7.9,,,2.2,87.86,244.708,231.221,231.725,1.4588874,1.5262619
2013-01-01,3923.0,12471.0,8.0,4.90430011161269,117.4,2.2,94.76,245.025,231.679,232.229,1.3370393,1.4890559
2013-02-01,4004.0,11950.0,7.7,,,2.2,95.31,255.696,232.937,232.569,1.3922361,1.5381946
2013-03-01,4076.0,11689.0,7.5,,,2.2,92.94,246.595,232.282,232.794,1.231004,1.4118858
2013-04-01,3988.0,11760.0,7.6,4.8864582459249695,118.0,2.2,92.02,240.473,231.797,232.832,1.3281382,1.4618435
2013-05-01,4145.0,11654.0,7.5,,,2.2,94.51,240.468,231.893,232.996,1.2491782,1.4138488
2013-06-01,4150.0,11751.0,7.5,,,2.2,95.77,242.711,232.445,233.35,1.4008832,1.5503442
2013-07-01,3885.0,11335.0,7.3,4.8678289902689,118.4,2.2,104.67,242.986,232.9,233.88,1.4426627,1.634568
2013-08-01,4085.0,11279.0,7.2,,,2.3,106.57,244.833,233.456,234.336,1.6468685,1.7580797
2013-09-01,4128.0,11270.0,7.2,,,2.2,106.29,242.745,233.544,234.7,1.7968176,1.8688006
2013-10-01,4222.0,11136.0,7.2,4.848513514873249,119.1,2.3,100.54,241.954,233.669,234.921,1.5911875,1.7246934
2013-11-01,4119.0,10787.0,6.9,,,2.2,93.86,242.718,234.1,235.359,1.5695147,1.7163045
2013-12-01,4121.0,10404.0,6.7,,,2.2,97.63,245.733,234.719,235.759,1.6860486,1.7851389
2014-01-01,4127.0,10202.0,6.6,4.828622129906529,119.4,2.2,94.62,250.34,235.288,235.961,1.7153084,1.8490071
2014-02-01,4373.0,10349.0,6.7,,,2.3,100.82,249.925,235.547,236.185,1.632026,1.7690838
2014-03-01,4388.0,10380.0,6.7,,,2.3,100.8,249.961,236.028,236.625,1.5687767,1.7451938
2014-04-01,4566.0,9702.0,6.2,4.80827280586174,120.2,2.3,102.07,249.864,236.468,237.072,1.7415577,1.87485
2014-05-01,4747.0,9859.0,6.3,,,2.3,102.18,249.213,236.918,237.529,1.748523,1.8687902
2014-06-01,4982.0,9460.0,6.1,,,2.3,105.79,249.714,237.231,237.837,1.684508,1.8300901
2014-07-01,4846.0,9608.0,6.2,4.78758955479478,121.1,2.3,103.59,248.744,237.498,238.195,1.7704087,1.8823807
2014-08-01,5349.0,9599.0,6.1,,,2.3,96.54,245.699,237.46,238.405,1.766452,1.8790741
2014-09-01,4914.0,9262.0,5.9,,,2.4,93.21,241.61,237.477,238.786,1.8315705,1.9131183
2014-10-01,5012.0,8990.0,5.7,4.76670070024014,121.8,2.5,84.4,237.061,237.43,239.191,1.7367613,1.8727096
2014-11-01,4843.0,9090.0,5.8,,,2.5,75.79,229.016,236.983,239.458,1.6543211,1.8157437
2014-12-01,5130.0,8717.0,5.6,,,2.6,59.29,218.536,236.252,239.584,1.7832413,1.8521375
2015-01-01,5344.0,8885.0,5.7,4.74573706587286,122.6,2.6,47.22,199.926,234.747,239.811,1.5049432,1.6943704
2015-02-01,5466.0,8599.0,5.5,,,2.7,50.58,203.021,235.342,240.172,1.2882705,1.5339526
2015-03-01,5210.0,8515.0,5.4,,,2.8,47.82,205.757,235.976,240.755,1.4951956,1.7034873
2015-04-01,5598.0,8550.0,5.4,4.72483011463568,122.8,2.9,54.45,203.577,236.222,241.346,1.5864912,1.7122854
2015-05-01,5563.0,8834.0,5.6,,,2.9,59.27,208.973,237.001,241.688,1.6757722,1.793767
2015-06-01,5248.0,8247.0,5.3,,,3.0,59.82,212.015,237.657,242.064,1.7112977,1.8240356
2015-07-01,6056.0,8167.0,5.2,4.704110071072569,123.6,3.1,50.9,211.623,238.034,242.565,1.7693587,1.8829511
2015-08-01,5467.0,7992.0,5.1,,,3.1,42.87,208.579,238.033,242.817,1.6980816,1.817785
2015-09-01,5488.0,7907.0,5.0,,,3.1,45.48,197.246,237.498,243.316,1.74063198,1.83859304
2015-10-01,5773.0,7922.0,5.0,4.6837040599828095,124.3,3.1,46.22,195.616,237.733,243.768,1.579485,1.7425951
2015-11-01,5708.0,8000.0,5.1,,,3.1,42.44,195.114,238.017,244.241,1.6363077,1.802926
2015-12-01,5845.0,7907.0,5.0,,,3.1,37.19,190.143,237.761,244.547,1.66549508,1.81273123
2016-01-01,6012.0,7627.0,4.8,4.66373429422766,125.1,3.1,31.68,185.235,237.652,244.955,1.70130035,1.85042813
2016-02-01,5770.0,7702.0,4.9,,,3.2,30.32,176.401,237.336,245.51,1.52606345,1.7071694
2016-03-01,6129.0,7961.0,5.0,,,3.1,37.55,182.234,238.08,245.913,1.43394055,1.64890624
2016-04-01,5803.0,8067.0,5.1,4.64431634359108,126.0,3.1,40.75,186.713,238.992,246.551,1.60102719,1.71603963
2016-05-01,5777.0,7652.0,4.8,,,3.2,46.71,188.596,239.557,247.137,1.62654651,1.74893221
2016-06-01,5742.0,7744.0,4.9,,,3.2,48.76,192.899,240.222,247.54,1.56184274,1.72374515
2016-07-01,5962.0,7641.0,4.8,4.62555751503731,126.6,3.2,44.65,189.046,240.101,247.829,1.50923924,1.63004592
2016-08-01,5677.0,7784.0,4.9,,,3.3,44.72,188.772,240.545,248.423,1.51843982,1.64768851
2016-09-01,5868.0,7953.0,5.0,,,3.4,45.18,192.243,241.176,248.842,1.64784373,1.72789683
2016-10-01,5591.0,7811.0,4.9,4.60755537255564,127.3,3.5,49.78,195.979,241.741,249.142,1.58977135,1.70459005
2016-11-01,5971.0,7553.0,4.7,,,3.5,45.66,196.372,242.026,249.481,1.65806018,1.75829573
2016-12-01,5964.0,7521.0,4.7,,,3.5,51.97,199.513,242.637,249.92,1.89000404,1.95369171
2017-01-01,5617.0,7468.0,4.7,4.59039642208179,128.2,3.5,52.5,205.369,243.618,250.467,1.8454627,1.92241681
2017-02-01,5923.0,7379.0,4.6,,,3.5,53.47,204.133,244.006,250.998,1.82718762,1.92235723
2017-03-01,5811.0,7073.0,4.4,,,3.5,49.33,202.528,243.892,250.944,1.75034457,1.88654098
2017-04-01,6091.0,7089.0,4.4,4.57415498379363,129.0,3.5,51.06,202.954,244.193,251.227,1.74714341,1.85758237
2017-05-01,5826.0,7000.0,4.4,,,3.5,48.48,198.449,244.004,251.43,1.71269334,1.84054543
2017-06-01,6305.0,6873.0,4.3,,,3.4,45.18,197.808,244.163,251.746,1.54109835,1.73020088
2017-07-01,6238.0,6892.0,4.3,4.55889227046308,129.9,3.5,46.63,195.994,244.243,251.985,1.73893855,1.84955694
2017-08-01,6276.0,7082.0,4.4,,,3.5,48.04,201.45,245.183,252.535,1.70005771,1.8153385
2017-09-01,6320.0,6854.0,4.3,,,3.4,49.82,212.723,246.435,252.812,1.77325229,1.84386995
2017-10-01,6408.0,6700.0,4.2,4.54465568658274,130.8,3.3,51.58,208.328,246.626,253.526,1.80800185,1.89298914
2017-11-01,6271.0,6774.0,4.2,,,3.3,56.64,213.047,247.284,253.816,1.85217904,1.92496508
2017-12-01,6336.0,6632.0,4.1,,,3.3,57.88,213.574,247.805,254.344,2.01718195,2.01118703
2018-01-01,6621.0,6489.0,4.0,4.53147835875611,132.0,3.3,63.7,216.855,248.859,255.204,1.86617639,1.95641907
2018-02-01,6552.0,6581.0,4.1,,,3.2,62.23,220.141,249.529,255.711,2.00534843,2.07333165
2018-03-01,6818.0,6472.0,4.0,,,3.3,62.73,215.72,249.577,256.271,1.86072811,1.97024161
2018-04-01,6877.0,6459.0,4.0,4.51937890343318,132.8,3.2,66.25,219.165,250.227,256.63,1.89293546,1.98436343
2018-05-01,7016.0,6196.0,3.8,,,3.2,69.98,221.045,250.792,257.145,2.00894606,2.09161804
2018-06-01,7230.0,6447.0,4.0,,,3.3,67.87,220.947,251.018,257.399,1.92400996,2.04590296
2018-07-01,7190.0,6195.0,3.8,4.50836143357856,133.9,3.2,70.98,219.929,251.214,257.699,2.03159462,2.09571821
2018-08-01,7208.0,6156.0,3.8,,,3.2,68.06,222.781,251.663,257.891,2.07519107,2.14036185
2018-09-01,7411.0,6073.0,3.7,,,3.2,70.23,223.955,252.182,258.368,2.10310861,2.13615266
2018-10-01,7304.0,6211.0,3.8,4.49841580136913,134.9,3.3,70.75,226.022,252.772,258.917,2.11263929,2.16677604
2018-11-01,7594.0,6115.0,3.8,,,3.4,56.96,218.5,252.594,259.439,2.09822052,2.15417847
2018-12-01,7489.0,6389.0,3.9,,,3.5,49.52,213.63,252.767,260.063,2.01953345,2.09134924
2019-01-01,7502.0,6475.0,4.0,4.4895180696244,135.8,3.5,51.38,204.34,252.561,260.766,1.87267231,1.95832446
2019-02-01,7066.0,6136.0,3.8,,,3.5,54.95,208.144,253.319,261.186,1.88227201,1.97069441
2019-03-01,7317.0,6202.0,3.8,,,3.5,58.15,214.934,254.277,261.567,1.570003,1.69207771
2019-04-01,7272.0,5961.0,3.7,4.48163120046239,136.8,3.6,63.86,222.42,255.233,261.997,1.69509441,1.74737586
2019-05-01,7275.0,5930.0,3.6,,,3.6,60.83,220.523,255.296,262.217,1.7638552,1.80265678
2019-06-01,7194.0,5935.0,3.6,,,3.7,54.66,214.926,255.213,262.739,1.54038275,1.63705342
2019-07-01,7042.0,6061.0,3.7,4.47470594573225,137.9,3.7,57.35,216.696,255.802,263.28,1.59047749,1.67609847
2019-08-01,7178.0,5945.0,3.6,,,3.7,54.81,213.847,256.036,263.877,1.56887016,1.65909585
2019-09-01,7124.0,5753.0,3.5,,,3.7,56.95,213.015,256.43,264.388,1.46482077,1.56044845
2019-10-01,7289.0,5871.0,3.6,4.46868192017881,138.9,3.7,53.96,215.268,257.155,264.97,1.54904817,1.64198724
2019-11-01,6888.0,5868.0,3.6,,,3.6,57.03,217.488,257.879,265.548,1.57873628,1.67935282
2019-12-01,6699.0,5853.0,3.6,,,3.7,59.88,221.18,258.63,266.02,1.61310184,1.7145255
2020-01-01,7124.0,5869.0,3.6,4.46348883511343,140.3,3.7,57.52,220.147,259.127,266.716,1.64111652,1.7346773
2020-02-01,6966.0,5753.0,3.5,,,3.7,50.54,214.294,259.25,267.37,1.51320566,1.61900368
2020-03-01,5894.0,7206.0,4.4,,,3.7,29.21,201.681,258.076,267.054,1.1211007,1.26977517
2020-04-01,4606.0,23084.0,14.8,4.45904786766102,140.8,3.6,16.55,182.586,256.032,265.746,0.88234276,1.15834975
2020-05-01,5612.0,20929.0,13.2,,,3.7,28.56,180.04,255.802,265.412,0.86493627,1.16234276
2020-06-01,6129.0,17652.0,11.0,,,3.6,38.31,188.734,257.042,265.849,1.01290639,1.23186673
2020-07-01,6530.0,16352.0,10.2,4.45527313847375,141.6,3.6,40.71,191.966,258.352,267.389,1.2377693,1.34690049
2020-08-01,6429.0,13461.0,8.4,,,3.6,42.34,193.307,259.316,268.422,1.23958067,1.34095578
2020-09-01,6511.0,12554.0,7.8,,,3.6,39.63,196.705,259.997,268.933,1.23631532,1.35099923
2020-10-01,6798.0,11072.0,6.9,4.4520732691872,142.8,3.6,39.4,196.113,260.319,269.306,1.20124146,1.33753773
2020-11-01,6820.0,10694.0,6.7,,,3.6,40.94,197.017,260.911,269.981,1.23965611,1.37663264
2020-12-01,6773.0,10770.0,6.7,,,3.5,47.02,205.67,262.045,270.341,1.30246527,1.41717038
2021-01-01,7162.0,10260.0,6.4,4.452852989869879,144.5,3.5,52.0,212.47,262.687,270.387,1.24288849,1.37942385
2021-02-01,7827.0,10013.0,6.2,,,3.5,59.04,219.242,263.579,270.793,1.31345304,1.42757598
2021-03-01,8499.0,9772.0,6.1,,,3.5,62.33,229.617,264.961,271.459,1.36586039,1.4974036
2021-04-01,9346.0,9754.0,6.1,4.44978976629628,145.8,3.5,61.72,227.255,266.614,273.66,1.47891829,1.58314707
2021-05-01,9954.0,9260.0,5.8,,,3.4,65.17,229.854,268.383,275.465,1.48598552,1.57835302
2021-06-01,10319.0,9481.0,5.9,,,3.4,71.38,233.603,270.654,277.651,1.52568217,1.59628851
2021-07-01,10983.0,8731.0,5.4,4.447010417057349,148.0,3.5,72.49,236.488,271.903,278.648,1.55335025,1.62481074
2021-08-01,10872.0,8269.0,5.1,,,3.5,67.73,240.692,272.676,278.997,1.54992943,1.58016294
2021-09-01,10834.0,7610.0,4.7,,,3.6,71.65,245.302,273.91,279.698,1.63260191,1.64278592
2021-10-01,11238.0,7267.0,4.5,4.44441769129896,149.9,3.6,81.48,254.756,276.55,281.668,1.51670347,1.61273952
2021-11-01,11199.0,6729.0,4.1,,,3.7,79.15,263.798,278.919,283.406,1.72679923,1.75849648
2021-12-01,11520.0,6413.0,3.9,,,3.8,71.71,267.899,280.845,285.18,1.7407948,1.75897506
2022-01-01,11210.0,6533.0,4.0,4.441916779223741,151.7,4.0,83.22,270.189,282.543,286.757,1.73444186,1.7965635
2022-02-01,11698.0,6323.0,3.9,,,4.3,91.64,275.322,284.5,288.273,1.89861214,1.92112169
2022-03-01,12301.0,6033.0,3.7,,,4.5,108.5,303.099,287.674,289.056,1.97801677,1.94721641
2022-04-01,11861.0,5995.0,3.7,4.4404667293697795,154.0,4.7,101.78,295.455,288.561,290.514,2.26755868,2.21125412
2022-05-01,11535.0,5979.0,3.6,,,5.0,109.55,309.052,291.298,292.063,2.45008154,2.37039462
2022-06-01,11283.0,5975.0,3.6,,,5.3,114.84,330.456,294.957,294.05,2.5513544,2.40126382
2022-07-01,11576.0,5770.0,3.5,4.4389317490436095,155.8,5.5,101.62,314.345,294.913,295.088,2.28813375,2.22257318
2022-08-01,10092.0,5909.0,3.6,,,5.7,93.67,298.331,295.097,296.535,2.1869859,2.09959153
2022-09-01,10800.0,5747.0,3.5,,,5.9,84.26,294.103,296.349,298.226,2.53306319,2.36598926
2022-10-01,10447.0,5949.0,3.6,4.43723236707892,157.6,6.0,87.55,299.945,298.007,299.399,2.40070757,2.37080895
2022-11-01,10632.0,5918.0,3.6,,,6.2,84.37,298.107,298.786,300.325,2.53058351,2.45466999
2022-12-01,10902.0,5781.0,3.5,,,6.3,76.44,286.33,298.832,301.394,2.26844917,2.21937769
2023-01-01,10318.0,5770.0,3.5,4.43529644125222,159.4,6.3,78.12,292.615,300.42,302.642,2.31430445,2.28560928
2023-02-01,9857.0,5987.0,3.6,,,6.3,76.83,288.702,301.45,304.123,2.13652091,2.10573941
2023-03-01,9655.0,5859.0,3.5,,,6.4,73.28,282.868,301.821,305.147,2.22638086,2.25862414
2023-04-01,9966.0,5747.0,3.4,4.43350999614073,161.1,6.3,79.45,280.86,302.845,306.534,2.13835537,2.10348814
2023-05-01,9368.0,6084.0,3.6,,,6.3,71.58,274.273,303.334,307.652,2.19228495,2.16281462
2023-06-01,9180.0,5985.0,3.6,,,6.1,70.25,275.712,304.014,308.322,1.66807333,1.75489679
2023-07-01,8657.0,5923.0,3.5,4.4313678808796295,162.8,6.0,76.07,275.548,304.609,308.96,2.08637277,2.06401319
2023-08-01,9254.0,6275.0,3.7,,,6.0,81.39,287.31,306.082,309.58,2.1788282,2.13876555
2023-09-01,9259.0,6274.0,3.7,,,5.8,89.43,292.623,307.276,310.539,2.28083051,2.22221813
2023-10-01,8580.0,6463.0,3.9,4.42882424008579,164.4,5.7,85.64,286.765,307.696,311.457,2.4128972,2.36266313
2023-11-01,8602.0,6226.0,3.7,,,5.6,77.69,282.146,308.148,312.392,2.4352391,2.38411387
2023-12-01,8520.0,6329.0,3.8,,,5.6,71.9,280.763,308.741,313.195,2.36399899,2.27841034
2024-01-01,8378.0,6175.0,3.7,4.42567965718569,166.2,5.5,74.15,279.953,309.698,314.319,2.18036388,2.16450727
2024-02-01,8440.0,6486.0,3.9,,,5.3,77.25,283.331,310.967,315.564,2.16391067,2.14620097
2024-03-01,8206.0,6521.0,3.9,,,5.2,81.28,288.688,312.345,316.792,2.19719547,2.21875271
2024-04-01,7529.0,6486.0,3.9,4.42215707526542,167.6,5.3,85.35,287.611,313.023,317.649,2.38428339,2.34296136
2024-05-01,7782.0,6627.0,3.9,,,5.1,80.02,284.165,313.175,318.095,2.51466811,2.45150113
2024-06-01,7416.0,6881.0,4.1,,,5.1,79.77,278.284,313.044,318.39,2.41228541,2.36706367
2024-07-01,7426.0,7098.0,4.2,4.418184956226237,168.9,5.0,81.8,278.287,313.569,318.94,2.39355893,2.36818604
2024-08-01,7520.0,7063.0,4.2,,,5.0,76.68,275.706,314.062,319.75,2.173058,2.16406862
2024-09-01,6943.0,6849.0,4.1,,,5.0,70.24,272.681,314.732,320.732,2.11947357,2.12450669
2024-10-01,7379.0,6951.0,4.1,4.413737266101202,170.5,4.9,71.99,273.003,315.631,321.731,2.10742502,2.11629084
2024-11-01,7566.0,7089.0,4.2,,,4.8,69.95,273.281,316.528,322.657,2.33268501,2.3321638
2024-12-01,7295.0,6920.0,4.1,,,4.7,70.12,279.829,317.604,323.259,2.34974749,2.32446872
2025-01-01,7431.0,6865.0,4.0,4.40904868088454,171.8,4.7,75.74,282.272,318.961,324.638,2.45938718,2.4442605
2025-02-01,7242.0,7104.0,4.2,,,4.6,71.53,282.096,319.679,325.465,2.49094871,2.46766707
2025-03-01,6952.0,7132.0,4.2,,,4.6,68.24,278.906,319.785,325.69,2.26870882,2.29565598
2025-04-01,7098.0,7155.0,4.2,4.40690622022857,173.563,4.5,63.54,277.343,320.302,326.467,2.39734434,2.35127536
2025-05-01,7310.0,7248.0,4.3,,,4.4,62.17,275.377,320.62,326.893,2.335645,2.30900499
2025-06-01,7204.0,7054.0,4.1,,,4.3,68.17,276.558,321.435,327.658,2.33705221,2.34697544
2025-07-01,7089.0,7272.0,4.3,4.40419970826884,174.948,4.3,68.39,274.85,322.169,328.682,2.37216433,2.33880069
2025-08-01,6919.0,7380.0,4.3,,,4.2,64.86,276.734,323.291,329.7,2.30463591,2.27835771
2025-09-01,7169.0,7605.0,4.4,,,4.2,63.96,280.7,324.245,330.418,2.33618891,2.29884242
2025-10-01,7170.0,,,4.40184121264107,176.233,,60.89,,,,2.32175117,2.29642109
2025-11-01,6846.0,7781.0,4.5,,,4.2,60.06,284.648,325.063,331.043,2.33094326,2.30712971
2025-12-01,6550.0,7503.0,4.4,,,4.0,57.97,285.624,326.031,331.814,2.42023389,2.347133
2026-01-01,7240.0,7368.0,4.3,4.399090564203689,177.498,4.0,60.04,281.436,326.588,332.793,2.33732028,2.33188071
2026-02-01,6922.0,7571.0,4.4,,,4.0,64.51,283.223,327.46,333.512,2.37354844,2.37049821
2026-03-01,6887.0,7239.0,4.3,,,3.9,91.38,314.019,330.293,334.165,2.18270427,2.19472618
2026-04-01,7618.0,7373.0,4.3,4.39593247642493,,3.8,100.32,325.978,332.407,335.423,2.50439617,2.41878465
2026-05-01,,7307.0,4.3,,,,102.13,,,,2.58666775,2.47613666
2026-07-01,,,,4.39237196512007,,,,,,,,
2026-10-01,,,,4.38842541458118,,,,,,,,
2027-01-01,,,,4.38411542659685,,,,,,,,
2027-04-01,,,,4.37946917187614,,,,,,,,
2027-07-01,,,,4.37449561042923,,,,,,,,
2027-10-01,,,,4.36920013450107,,,,,,,,
2028-01-01,,,,4.36360199819928,,,,,,,,
2028-04-01,,,,4.3577544546865,,,,,,,,
2028-07-01,,,,4.35167462742477,,,,,,,,
2028-10-01,,,,4.345370175274289,,,,,,,,
2029-01-01,,,,4.33886766408123,,,,,,,,
2029-04-01,,,,4.3322425547427,,,,,,,,
2029-07-01,,,,4.32551507257566,,,,,,,,
2029-10-01,,,,4.31868788792528,,,,,,,,
2030-01-01,,,,4.31178425098474,,,,,,,,
2030-04-01,,,,4.30488654589538,,,,,,,,
2030-07-01,,,,4.2982624005787,,,,,,,,
2030-10-01,,,,4.29184592443572,,,,,,,,
2031-01-01,,,,4.285665306740009,,,,,,,,
2031-04-01,,,,4.27972946305059,,,,,,,,
2031-07-01,,,,4.274041360943049,,,,,,,,
2031-10-01,,,,4.26854561767537,,,,,,,,
2032-01-01,,,,4.26319846895158,,,,,,,,
2032-04-01,,,,4.25801026226064,,,,,,,,
2032-07-01,,,,4.25293161471931,,,,,,,,
2032-10-01,,,,4.24789489624584,,,,,,,,
2033-01-01,,,,4.24285418614103,,,,,,,,
2033-04-01,,,,4.23782441789617,,,,,,,,
2033-07-01,,,,4.232770586446049,,,,,,,,
2033-10-01,,,,4.22764586287327,,,,,,,,
2034-01-01,,,,4.22242958769924,,,,,,,,
2034-04-01,,,,4.21716562825119,,,,,,,,
2034-07-01,,,,4.21185001241668,,,,,,,,
2034-10-01,,,,4.20646775559397,,,,,,,,
2035-01-01,,,,4.20102988730463,,,,,,,,
2035-04-01,,,,4.19561084087726,,,,,,,,
2035-07-01,,,,4.1902265934124,,,,,,,,
2035-10-01,,,,4.18486826158714,,,,,,,,
2036-01-01,,,,4.1795350832857,,,,,,,,
2036-04-01,,,,4.17426689512611,,,,,,,,
2036-07-01,,,,4.16905982489528,,,,,,,,
2036-10-01,,,,4.16389489162988,,,,,,,,
