date,jcsxehm,jcxfebm
1959-01-01,9.4,15.501
1959-02-01,9.4,15.513
1959-03-01,9.4,15.531
1959-04-01,9.4,15.57
1959-05-01,9.5,15.589
1959-06-01,9.5,15.635
1959-07-01,9.5,15.672
1959-08-01,9.6,15.697
1959-09-01,9.6,15.738
1959-10-01,9.6,15.765
1959-11-01,9.7,15.794
1959-12-01,9.7,15.818
1960-01-01,9.7,15.822
1960-02-01,9.7,15.852
1960-03-01,9.7,15.853
1960-04-01,9.8,15.882
1960-05-01,9.8,15.908
1960-06-01,9.8,15.917
1960-07-01,9.8,15.945
1960-08-01,9.9,15.968
1960-09-01,9.9,15.981
1960-10-01,9.9,15.99
1960-11-01,9.9,16.033
1960-12-01,9.9,16.028
1961-01-01,9.9,16.032
1961-02-01,9.9,16.048
1961-03-01,10.0,16.053
1961-04-01,10.0,16.075
1961-05-01,10.0,16.096
1961-06-01,10.0,16.12
1961-07-01,10.0,16.145
1961-08-01,10.0,16.162
1961-09-01,10.1,16.194
1961-10-01,10.1,16.199
1961-11-01,10.1,16.202
1961-12-01,10.1,16.216
1962-01-01,10.1,16.235
1962-02-01,10.2,16.262
1962-03-01,10.2,16.3
1962-04-01,10.2,16.303
1962-05-01,10.2,16.326
1962-06-01,10.3,16.356
1962-07-01,10.3,16.37
1962-08-01,10.3,16.372
1962-09-01,10.3,16.404
1962-10-01,10.3,16.403
1962-11-01,10.3,16.415
1962-12-01,10.3,16.42
1963-01-01,10.4,16.451
1963-02-01,10.4,16.47
1963-03-01,10.4,16.48
1963-04-01,10.4,16.5
1963-05-01,10.4,16.53
1963-06-01,10.4,16.558
1963-07-01,10.5,16.573
1963-08-01,10.5,16.588
1963-09-01,10.5,16.618
1963-10-01,10.5,16.655
1963-11-01,10.5,16.67
1963-12-01,10.6,16.694
1964-01-01,10.6,16.717
1964-02-01,10.6,16.749
1964-03-01,10.6,16.765
1964-04-01,10.6,16.78
1964-05-01,10.7,16.794
1964-06-01,10.7,16.806
1964-07-01,10.7,16.823
1964-08-01,10.7,16.845
1964-09-01,10.8,16.852
1964-10-01,10.8,16.859
1964-11-01,10.8,16.883
1964-12-01,10.8,16.907
1965-01-01,10.8,16.93
1965-02-01,10.9,16.95
1965-03-01,10.9,16.96
1965-04-01,10.9,16.98
1965-05-01,10.9,17.011
1965-06-01,10.9,17.007
1965-07-01,11.0,17.024
1965-08-01,11.0,17.056
1965-09-01,11.0,17.076
1965-10-01,11.1,17.07
1965-11-01,11.1,17.102
1965-12-01,11.1,17.154
1966-01-01,11.1,17.159
1966-02-01,11.2,17.201
1966-03-01,11.2,17.223
1966-04-01,11.2,17.285
1966-05-01,11.3,17.331
1966-06-01,11.4,17.387
1966-07-01,11.4,17.438
1966-08-01,11.4,17.47
1966-09-01,11.5,17.524
1966-10-01,11.5,17.581
1966-11-01,11.6,17.625
1966-12-01,11.6,17.679
1967-01-01,11.6,17.695
1967-02-01,11.7,17.727
1967-03-01,11.7,17.754
1967-04-01,11.7,17.803
1967-05-01,11.8,17.842
1967-06-01,11.8,17.887
1967-07-01,11.9,17.948
1967-08-01,11.9,18.003
1967-09-01,11.9,18.067
1967-10-01,12.0,18.134
1967-11-01,12.0,18.192
1967-12-01,12.1,18.237
1968-01-01,12.1,18.318
1968-02-01,12.2,18.397
1968-03-01,12.3,18.47
1968-04-01,12.3,18.538
1968-05-01,12.4,18.608
1968-06-01,12.5,18.681
1968-07-01,12.5,18.743
1968-08-01,12.6,18.816
1968-09-01,12.6,18.892
1968-10-01,12.7,18.969
1968-11-01,12.8,19.041
1968-12-01,12.8,19.098
1969-01-01,12.9,19.17
1969-02-01,13.0,19.236
1969-03-01,13.0,19.326
1969-04-01,13.1,19.4
1969-05-01,13.2,19.478
1969-06-01,13.2,19.545
1969-07-01,13.3,19.636
1969-08-01,13.4,19.691
1969-09-01,13.4,19.77
1969-10-01,13.5,19.855
1969-11-01,13.6,19.931
1969-12-01,13.6,20.005
1970-01-01,13.7,20.071
1970-02-01,13.8,20.148
1970-03-01,13.8,20.223
1970-04-01,13.9,20.303
1970-05-01,14.0,20.375
1970-06-01,14.0,20.448
1970-07-01,14.1,20.526
1970-08-01,14.2,20.597
1970-09-01,14.2,20.683
1970-10-01,14.3,20.785
1970-11-01,14.4,20.892
1970-12-01,14.5,20.997
1971-01-01,14.5,21.08
1971-02-01,14.6,21.16
1971-03-01,14.6,21.228
1971-04-01,14.7,21.307
1971-05-01,14.8,21.4
1971-06-01,14.9,21.485
1971-07-01,14.9,21.567
1971-08-01,15.0,21.597
1971-09-01,15.1,21.633
1971-10-01,15.1,21.667
1971-11-01,15.2,21.716
1971-12-01,15.2,21.784
1972-01-01,15.3,21.877
1972-02-01,15.3,21.936
1972-03-01,15.4,21.979
1972-04-01,15.4,22.03
1972-05-01,15.5,22.081
1972-06-01,15.5,22.126
1972-07-01,15.6,22.189
1972-08-01,15.6,22.236
1972-09-01,15.7,22.31
1972-10-01,15.7,22.323
1972-11-01,15.8,22.382
1972-12-01,15.8,22.449
1973-01-01,15.8,22.463
1973-02-01,15.8,22.534
1973-03-01,15.9,22.625
1973-04-01,16.0,22.756
1973-05-01,16.1,22.844
1973-06-01,16.2,22.943
1973-07-01,16.3,23.041
1973-08-01,16.5,23.148
1973-09-01,16.6,23.265
1973-10-01,16.7,23.355
1973-11-01,16.8,23.468
1973-12-01,16.9,23.598
1974-01-01,17.1,23.714
1974-02-01,17.2,23.865
1974-03-01,17.4,24.051
1974-04-01,17.5,24.231
1974-05-01,17.7,24.464
1974-06-01,17.9,24.715
1974-07-01,18.0,24.934
1974-08-01,18.2,25.174
1974-09-01,18.4,25.4
1974-10-01,18.5,25.599
1974-11-01,18.6,25.786
1974-12-01,18.8,25.968
1975-01-01,18.9,26.119
1975-02-01,19.0,26.304
1975-03-01,19.1,26.441
1975-04-01,19.2,26.57
1975-05-01,19.3,26.683
1975-06-01,19.5,26.813
1975-07-01,19.6,26.978
1975-08-01,19.7,27.071
1975-09-01,19.8,27.218
1975-10-01,19.9,27.354
1975-11-01,20.1,27.535
1975-12-01,20.2,27.702
1976-01-01,20.3,27.844
1976-02-01,20.4,27.955
1976-03-01,20.5,28.047
1976-04-01,20.6,28.157
1976-05-01,20.7,28.29
1976-06-01,20.8,28.405
1976-07-01,20.9,28.561
1976-08-01,21.1,28.726
1976-09-01,21.2,28.894
1976-10-01,21.2,29.036
1976-11-01,21.4,29.168
1976-12-01,21.5,29.326
1977-01-01,21.6,29.505
1977-02-01,21.7,29.686
1977-03-01,21.9,29.812
1977-04-01,22.0,29.959
1977-05-01,22.1,30.112
1977-06-01,22.3,30.292
1977-07-01,22.4,30.479
1977-08-01,22.6,30.629
1977-09-01,22.7,30.758
1977-10-01,22.8,30.907
1977-11-01,22.9,31.067
1977-12-01,23.0,31.227
1978-01-01,23.2,31.414
1978-02-01,23.4,31.535
1978-03-01,23.6,31.706
1978-04-01,23.7,31.911
1978-05-01,23.9,32.099
1978-06-01,24.0,32.278
1978-07-01,24.2,32.468
1978-08-01,24.4,32.642
1978-09-01,24.5,32.83
1978-10-01,24.8,33.071
1978-11-01,24.9,33.249
1978-12-01,25.0,33.378
1979-01-01,25.1,33.549
1979-02-01,25.1,33.659
1979-03-01,25.3,33.852
1979-04-01,25.7,34.165
1979-05-01,26.0,34.462
1979-06-01,26.2,34.655
1979-07-01,26.3,34.829
1979-08-01,26.5,35.06
1979-09-01,26.7,35.299
1979-10-01,26.9,35.557
1979-11-01,27.1,35.784
1979-12-01,27.3,36.041
1980-01-01,27.5,36.315
1980-02-01,27.8,36.677
1980-03-01,28.1,37.017
1980-04-01,28.3,37.207
1980-05-01,28.5,37.507
1980-06-01,28.7,37.756
1980-07-01,28.9,38.021
1980-08-01,29.2,38.296
1980-09-01,29.5,38.657
1980-10-01,29.8,38.975
1980-11-01,30.1,39.282
1980-12-01,30.3,39.518
1981-01-01,30.6,39.861
1981-02-01,30.9,40.152
1981-03-01,31.1,40.375
1981-04-01,31.3,40.633
1981-05-01,31.4,40.913
1981-06-01,31.6,41.117
1981-07-01,31.8,41.365
1981-08-01,32.0,41.642
1981-09-01,32.2,41.915
1981-10-01,32.4,42.165
1981-11-01,32.7,42.411
1981-12-01,32.8,42.568
1982-01-01,33.0,42.829
1982-02-01,33.2,42.994
1982-03-01,33.3,43.182
1982-04-01,33.5,43.353
1982-05-01,33.7,43.589
1982-06-01,33.9,43.808
1982-07-01,34.1,44.092
1982-08-01,34.4,44.295
1982-09-01,34.6,44.459
1982-10-01,34.8,44.741
1982-11-01,35.0,44.906
1982-12-01,35.1,45.049
1983-01-01,35.3,45.357
1983-02-01,35.5,45.525
1983-03-01,35.5,45.583
1983-04-01,35.6,45.721
1983-05-01,35.6,45.787
1983-06-01,35.8,46.001
1983-07-01,36.2,46.311
1983-08-01,36.5,46.55
1983-09-01,36.7,46.738
1983-10-01,36.8,46.821
1983-11-01,36.8,46.93
1983-12-01,36.8,46.965
1984-01-01,37.0,47.121
1984-02-01,37.4,47.418
1984-03-01,37.6,47.598
1984-04-01,37.7,47.822
1984-05-01,37.9,47.933
1984-06-01,38.0,48.046
1984-07-01,38.2,48.253
1984-08-01,38.3,48.412
1984-09-01,38.3,48.486
1984-10-01,38.4,48.595
1984-11-01,38.5,48.698
1984-12-01,38.7,48.891
1985-01-01,39.1,49.165
1985-02-01,39.2,49.42
1985-03-01,39.4,49.593
1985-04-01,39.4,49.652
1985-05-01,39.6,49.823
1985-06-01,39.7,49.988
1985-07-01,39.9,50.134
1985-08-01,40.1,50.38
1985-09-01,40.2,50.484
1985-10-01,40.2,50.565
1985-11-01,40.3,50.689
1985-12-01,40.4,50.827
1986-01-01,40.7,51.101
1986-02-01,41.0,51.233
1986-03-01,41.1,51.389
1986-04-01,41.1,51.482
1986-05-01,41.2,51.57
1986-06-01,41.3,51.725
1986-07-01,41.3,51.819
1986-08-01,41.3,51.925
1986-09-01,41.5,52.096
1986-10-01,41.7,52.273
1986-11-01,41.8,52.384
1986-12-01,41.8,52.452
1987-01-01,41.8,52.578
1987-02-01,41.8,52.685
1987-03-01,41.9,52.841
1987-04-01,42.1,53.065
1987-05-01,42.2,53.214
1987-06-01,42.4,53.36
1987-07-01,42.5,53.498
1987-08-01,42.6,53.679
1987-09-01,42.9,53.892
1987-10-01,43.0,54.122
1987-11-01,43.1,54.235
1987-12-01,43.3,54.349
1988-01-01,43.5,54.606
1988-02-01,43.7,54.718
1988-03-01,43.9,54.952
1988-04-01,44.2,55.219
1988-05-01,44.4,55.407
1988-06-01,44.6,55.641
1988-07-01,44.8,55.868
1988-08-01,45.0,56.007
1988-09-01,45.2,56.307
1988-10-01,45.4,56.521
1988-11-01,45.6,56.676
1988-12-01,45.7,56.864
1989-01-01,46.0,57.152
1989-02-01,46.2,57.297
1989-03-01,46.4,57.468
1989-04-01,46.6,57.661
1989-05-01,46.7,57.833
1989-06-01,46.9,57.987
1989-07-01,47.0,58.136
1989-08-01,47.1,58.217
1989-09-01,47.3,58.419
1989-10-01,47.4,58.631
1989-11-01,47.6,58.787
1989-12-01,47.8,58.954
1990-01-01,48.0,59.181
1990-02-01,48.2,59.468
1990-03-01,48.5,59.754
1990-04-01,48.7,59.932
1990-05-01,48.9,60.115
1990-06-01,49.1,60.349
1990-07-01,49.2,60.501
1990-08-01,49.4,60.753
1990-09-01,49.7,60.965
1990-10-01,49.9,61.172
1990-11-01,50.0,61.246
1990-12-01,50.1,61.331
1991-01-01,50.3,61.637
1991-02-01,50.4,61.807
1991-03-01,50.6,61.936
1991-04-01,50.6,62.06
1991-05-01,50.9,62.307
1991-06-01,51.1,62.442
1991-07-01,51.3,62.632
1991-08-01,51.5,62.804
1991-09-01,51.8,63.055
1991-10-01,51.9,63.194
1991-11-01,51.9,63.312
1991-12-01,52.1,63.468
1992-01-01,52.3,63.641
1992-02-01,52.5,63.814
1992-03-01,52.7,63.973
1992-04-01,52.9,64.183
1992-05-01,53.0,64.273
1992-06-01,53.1,64.323
1992-07-01,53.3,64.566
1992-08-01,53.4,64.625
1992-09-01,53.6,64.73
1992-10-01,53.9,64.979
1992-11-01,54.0,65.121
1992-12-01,54.1,65.242
1993-01-01,54.3,65.432
1993-02-01,54.4,65.557
1993-03-01,54.6,65.7
1993-04-01,54.8,65.891
1993-05-01,55.1,66.114
1993-06-01,55.2,66.177
1993-07-01,55.3,66.314
1993-08-01,55.5,66.438
1993-09-01,55.7,66.538
1993-10-01,55.7,66.647
1993-11-01,55.9,66.819
1993-12-01,55.9,66.849
1994-01-01,56.0,66.902
1994-02-01,56.2,67.047
1994-03-01,56.4,67.275
1994-04-01,56.5,67.376
1994-05-01,56.6,67.526
1994-06-01,56.7,67.676
1994-07-01,56.8,67.818
1994-08-01,56.9,67.894
1994-09-01,57.0,67.997
1994-10-01,57.3,68.157
1994-11-01,57.4,68.282
1994-12-01,57.4,68.305
1995-01-01,57.6,68.475
1995-02-01,57.7,68.587
1995-03-01,57.9,68.755
1995-04-01,58.1,68.915
1995-05-01,58.2,69.032
1995-06-01,58.3,69.092
1995-07-01,58.4,69.201
1995-08-01,58.6,69.367
1995-09-01,58.7,69.458
1995-10-01,58.9,69.627
1995-11-01,58.9,69.672
1995-12-01,59.0,69.77
1996-01-01,59.1,69.849
1996-02-01,59.2,69.94
1996-03-01,59.3,70.102
1996-04-01,59.5,70.197
1996-05-01,59.7,70.319
1996-06-01,59.8,70.373
1996-07-01,60.0,70.505
1996-08-01,60.1,70.566
1996-09-01,60.4,70.78
1996-10-01,60.6,70.948
1996-11-01,60.7,71.041
1996-12-01,60.8,71.068
1997-01-01,60.8,71.144
1997-02-01,61.0,71.29
1997-03-01,61.2,71.46
1997-04-01,61.4,71.6
1997-05-01,61.5,71.652
1997-06-01,61.7,71.758
1997-07-01,61.8,71.807
1997-08-01,61.8,71.778
1997-09-01,62.0,71.927
1997-10-01,62.1,72.036
1997-11-01,62.2,72.058
1997-12-01,62.2,72.1
1998-01-01,62.4,72.21
1998-02-01,62.5,72.272
1998-03-01,62.6,72.349
1998-04-01,62.7,72.482
1998-05-01,62.8,72.552
1998-06-01,62.7,72.461
1998-07-01,62.9,72.665
1998-08-01,63.1,72.807
1998-09-01,63.1,72.795
1998-10-01,63.3,72.937
1998-11-01,63.3,72.95
1998-12-01,63.4,73.076
1999-01-01,63.5,73.18
1999-02-01,63.5,73.155
1999-03-01,63.6,73.177
1999-04-01,63.7,73.365
1999-05-01,63.9,73.435
1999-06-01,63.9,73.474
1999-07-01,64.1,73.606
1999-08-01,64.1,73.642
1999-09-01,64.3,73.837
1999-10-01,64.5,73.963
1999-11-01,64.7,74.034
1999-12-01,64.8,74.128
2000-01-01,65.0,74.306
2000-02-01,65.2,74.415
2000-03-01,65.3,74.568
2000-04-01,65.3,74.617
2000-05-01,65.4,74.697
2000-06-01,65.5,74.754
2000-07-01,65.7,74.925
2000-08-01,65.9,75.021
2000-09-01,66.1,75.203
2000-10-01,66.2,75.308
2000-11-01,66.3,75.441
2000-12-01,66.5,75.515
2001-01-01,66.8,75.796
2001-02-01,67.0,75.93
2001-03-01,67.1,76.009
2001-04-01,67.2,76.13
2001-05-01,67.3,76.148
2001-06-01,67.5,76.318
2001-07-01,67.6,76.515
2001-08-01,67.8,76.553
2001-09-01,67.1,76.118
2001-10-01,67.9,76.654
2001-11-01,68.0,76.81
2001-12-01,68.1,76.828
2002-01-01,68.1,76.871
2002-02-01,68.3,77.018
2002-03-01,68.5,77.11
2002-04-01,68.6,77.325
2002-05-01,68.8,77.411
2002-06-01,69.0,77.534
2002-07-01,69.2,77.692
2002-08-01,69.4,77.845
2002-09-01,69.6,77.972
2002-10-01,69.8,78.038
2002-11-01,69.9,78.114
2002-12-01,70.1,78.187
2003-01-01,70.3,78.24
2003-02-01,70.5,78.348
2003-03-01,70.8,78.474
2003-04-01,70.9,78.561
2003-05-01,71.2,78.674
2003-06-01,71.4,78.718
2003-07-01,71.6,78.915
2003-08-01,71.8,79.004
2003-09-01,72.0,79.114
2003-10-01,72.3,79.26
2003-11-01,72.5,79.368
2003-12-01,72.6,79.467
2004-01-01,72.9,79.671
2004-02-01,73.0,79.8
2004-03-01,73.1,79.934
2004-04-01,73.4,80.142
2004-05-01,73.5,80.252
2004-06-01,73.7,80.379
2004-07-01,73.9,80.474
2004-08-01,74.0,80.505
2004-09-01,74.2,80.656
2004-10-01,74.3,80.831
2004-11-01,74.6,81.005
2004-12-01,74.8,81.109
2005-01-01,75.1,81.401
2005-02-01,75.3,81.536
2005-03-01,75.6,81.737
2005-04-01,75.8,81.831
2005-05-01,75.9,81.999
2005-06-01,76.1,82.056
2005-07-01,76.3,82.176
2005-08-01,76.4,82.243
2005-09-01,76.6,82.425
2005-10-01,77.0,82.662
2005-11-01,77.2,82.873
2005-12-01,77.4,82.959
2006-01-01,77.6,83.145
2006-02-01,77.8,83.279
2006-03-01,78.1,83.509
2006-04-01,78.4,83.764
2006-05-01,78.6,83.974
2006-06-01,78.9,84.186
2006-07-01,79.0,84.268
2006-08-01,79.2,84.44
2006-09-01,79.4,84.573
2006-10-01,79.6,84.726
2006-11-01,79.7,84.766
2006-12-01,79.8,84.88
2007-01-01,80.3,85.224
2007-02-01,80.5,85.408
2007-03-01,80.7,85.494
2007-04-01,80.9,85.616
2007-05-01,81.1,85.717
2007-06-01,81.3,85.859
2007-07-01,81.5,85.988
2007-08-01,81.7,86.116
2007-09-01,82.1,86.351
2007-10-01,82.3,86.576
2007-11-01,82.5,86.746
2007-12-01,82.7,86.92
2008-01-01,82.9,87.093
2008-02-01,83.0,87.178
2008-03-01,83.3,87.349
2008-04-01,83.3,87.4
2008-05-01,83.6,87.559
2008-06-01,83.9,87.76
2008-07-01,84.1,87.918
2008-08-01,84.2,88.026
2008-09-01,84.3,88.116
2008-10-01,84.1,87.991
2008-11-01,84.0,87.952
2008-12-01,83.9,87.909
2009-01-01,83.8,87.882
2009-02-01,83.8,87.952
2009-03-01,83.7,88.015
2009-04-01,83.8,88.211
2009-05-01,83.8,88.279
2009-06-01,84.0,88.392
2009-07-01,84.2,88.468
2009-08-01,84.4,88.599
2009-09-01,84.6,88.755
2009-10-01,85.1,89.082
2009-11-01,85.3,89.16
2009-12-01,85.4,89.236
2010-01-01,85.7,89.368
2010-02-01,85.8,89.446
2010-03-01,86.1,89.579
2010-04-01,86.3,89.625
2010-05-01,86.5,89.724
2010-06-01,86.6,89.767
2010-07-01,86.7,89.769
2010-08-01,86.8,89.855
2010-09-01,86.8,89.906
2010-10-01,87.1,90.043
2010-11-01,87.2,90.16
2010-12-01,87.3,90.179
2011-01-01,87.5,90.372
2011-02-01,87.7,90.53
2011-03-01,87.9,90.667
2011-04-01,88.1,90.875
2011-05-01,88.4,91.091
2011-06-01,88.4,91.191
2011-07-01,88.6,91.326
2011-08-01,88.8,91.508
2011-09-01,88.9,91.57
2011-10-01,88.9,91.614
2011-11-01,89.1,91.808
2011-12-01,89.3,91.96
2012-01-01,89.6,92.235
2012-02-01,89.8,92.364
2012-03-01,90.0,92.521
2012-04-01,90.2,92.661
2012-05-01,90.3,92.755
2012-06-01,90.5,92.85
2012-07-01,90.6,92.946
2012-08-01,90.7,93.005
2012-09-01,90.9,93.119
2012-10-01,91.1,93.345
2012-11-01,91.3,93.445
2012-12-01,91.4,93.514
2013-01-01,91.6,93.703
2013-02-01,91.8,93.805
2013-03-01,92.0,93.891
2013-04-01,92.0,93.937
2013-05-01,92.2,94.047
2013-06-01,92.4,94.209
2013-07-01,92.6,94.329
2013-08-01,92.8,94.431
2013-09-01,92.9,94.543
2013-10-01,93.1,94.703
2013-11-01,93.4,94.86
2013-12-01,93.5,94.961
2014-01-01,93.7,95.064
2014-02-01,93.7,95.109
2014-03-01,93.9,95.25
2014-04-01,94.1,95.413
2014-05-01,94.4,95.574
2014-06-01,94.5,95.682
2014-07-01,94.7,95.848
2014-08-01,94.8,95.885
2014-09-01,94.9,96.013
2014-10-01,94.9,96.096
2014-11-01,95.1,96.181
2014-12-01,95.3,96.249
2015-01-01,95.2,96.214
2015-02-01,95.3,96.324
2015-03-01,95.4,96.47
2015-04-01,95.6,96.648
2015-05-01,95.8,96.766
2015-06-01,95.9,96.882
2015-07-01,96.1,96.978
2015-08-01,96.2,97.056
2015-09-01,96.3,97.196
2015-10-01,96.4,97.228
2015-11-01,96.5,97.332
2015-12-01,96.6,97.396
2016-01-01,96.9,97.567
2016-02-01,97.0,97.736
2016-03-01,97.2,97.876
2016-04-01,97.5,98.117
2016-05-01,97.7,98.284
2016-06-01,97.9,98.386
2016-07-01,98.2,98.529
2016-08-01,98.3,98.703
2016-09-01,98.4,98.834
2016-10-01,98.6,98.961
2016-11-01,98.7,99.005
2016-12-01,98.9,99.12
2017-01-01,99.2,99.385
2017-02-01,99.4,99.561
2017-03-01,99.3,99.519
2017-04-01,99.6,99.723
2017-05-01,99.8,99.803
2017-06-01,99.9,99.937
2017-07-01,100.0,100.01
2017-08-01,100.2,100.118
2017-09-01,100.4,100.24
2017-10-01,100.6,100.486
2017-11-01,100.8,100.535
2017-12-01,101.0,100.683
2018-01-01,101.3,101.007
2018-02-01,101.6,101.198
2018-03-01,101.8,101.419
2018-04-01,102.0,101.602
2018-05-01,102.2,101.78
2018-06-01,102.4,101.872
2018-07-01,102.6,102.006
2018-08-01,102.7,102.016
2018-09-01,103.0,102.205
2018-10-01,103.1,102.366
2018-11-01,103.3,102.556
2018-12-01,103.6,102.735
2019-01-01,103.6,102.87
2019-02-01,103.8,102.963
2019-03-01,103.9,103.058
2019-04-01,104.2,103.265
2019-05-01,104.3,103.371
2019-06-01,104.5,103.56
2019-07-01,104.7,103.678
2019-08-01,104.8,103.797
2019-09-01,104.9,103.873
2019-10-01,105.1,104.028
2019-11-01,105.2,104.092
2019-12-01,105.6,104.322
2020-01-01,105.8,104.507
2020-02-01,106.0,104.711
2020-03-01,105.9,104.632
2020-04-01,105.6,104.293
2020-05-01,105.8,104.402
2020-06-01,106.1,104.565
2020-07-01,106.4,104.937
2020-08-01,106.7,105.243
2020-09-01,107.0,105.41
2020-10-01,107.1,105.507
2020-11-01,107.2,105.605
2020-12-01,107.6,105.896
2021-01-01,108.1,106.281
2021-02-01,108.5,106.501
2021-03-01,109.2,106.933
2021-04-01,109.6,107.558
2021-05-01,110.1,108.099
2021-06-01,110.5,108.603
2021-07-01,111.1,109.058
2021-08-01,111.4,109.409
2021-09-01,111.7,109.641
2021-10-01,112.0,110.188
2021-11-01,112.6,110.77
2021-12-01,113.2,111.418
2022-01-01,113.6,111.976
2022-02-01,114.0,112.468
2022-03-01,114.7,112.914
2022-04-01,115.1,113.307
2022-05-01,115.5,113.703
2022-06-01,116.1,114.376
2022-07-01,116.3,114.628
2022-08-01,116.9,115.276
2022-09-01,117.4,115.788
2022-10-01,117.9,116.204
2022-11-01,118.4,116.539
2022-12-01,118.8,116.952
2023-01-01,119.4,117.505
2023-02-01,119.8,117.929
2023-03-01,120.2,118.315
2023-04-01,120.7,118.734
2023-05-01,120.9,119.083
2023-06-01,121.4,119.39
2023-07-01,121.7,119.556
2023-08-01,121.9,119.689
2023-09-01,122.4,120.058
2023-10-01,122.5,120.241
2023-11-01,122.7,120.374
2023-12-01,123.1,120.592
2024-01-01,124.0,121.217
2024-02-01,124.2,121.537
2024-03-01,124.9,122.009
2024-04-01,125.2,122.304
2024-05-01,125.3,122.383
2024-06-01,125.7,122.677
2024-07-01,126.0,122.911
2024-08-01,126.3,123.128
2024-09-01,126.7,123.466
2024-10-01,127.2,123.832
2024-11-01,127.4,123.962
2024-12-01,127.8,124.196
2025-01-01,128.2,124.587
2025-02-01,128.8,125.145
2025-03-01,129.0,125.267
2025-04-01,129.2,125.502
2025-05-01,129.4,125.79
2025-06-01,129.7,126.121
2025-07-01,130.1,126.43
2025-08-01,130.6,126.714
2025-09-01,130.8,126.954
2025-10-01,131.3,127.243
2025-11-01,131.6,127.469
2025-12-01,132.0,127.886
2026-01-01,132.8,128.455
2026-02-01,133.1,128.961
2026-03-01,133.6,129.343
2026-04-01,133.8,129.667
2026-05-01,134.5,130.082
