date,demand_yoy,supply_yoy,ambig_yoy
1969-12-01,1.137614,2.954412,0.5954504
1970-01-01,1.255393,2.812362,0.5674839
1970-02-01,1.316857,2.795291,0.5643845
1970-03-01,1.242721,2.797878,0.5383492
1970-04-01,1.275134,2.703893,0.60395
1970-05-01,1.268208,2.658486,0.6057382
1970-06-01,1.214755,2.687502,0.6458402
1970-07-01,1.301897,2.524567,0.6318092
1970-08-01,1.296723,2.571201,0.6508112
1970-09-01,1.286507,2.531004,0.7148385
1970-10-01,1.309717,2.541554,0.7519603
1970-11-01,1.307845,2.635479,0.7919788
1970-12-01,1.502359,2.595067,0.7608891
1971-01-01,1.445508,2.697611,0.7612705
1971-02-01,1.468229,2.729535,0.7014871
1971-03-01,1.521683,2.635205,0.6862998
1971-04-01,1.512754,2.684009,0.6236553
1971-05-01,1.574385,2.677906,0.6522894
1971-06-01,1.598144,2.744055,0.5962133
1971-07-01,1.555824,2.730501,0.6605625
1971-08-01,1.545572,2.560627,0.6414175
1971-09-01,1.562858,2.434433,0.5074739
1971-10-01,1.444697,2.27114,0.4471064
1971-11-01,1.385713,2.076221,0.4100204
1971-12-01,1.257408,2.0702,0.3643394
1972-01-01,1.218367,2.118528,0.4081368
1972-02-01,1.054263,2.121019,0.4619122
1972-03-01,1.0113,2.022231,0.4840612
1972-04-01,0.9794831,1.938772,0.4626989
1972-05-01,0.8925796,1.816308,0.4706383
1972-06-01,0.9059072,1.641119,0.435698
1972-07-01,0.8733273,1.648581,0.3639817
1972-08-01,0.8238316,1.749277,0.3787279
1972-09-01,0.8402467,1.764846,0.5073905
1972-10-01,0.9263992,1.579702,0.5072951
1972-11-01,0.9172678,1.637423,0.4963636
1972-12-01,0.8801937,1.648426,0.5065799
1973-01-01,0.7991672,1.437128,0.4294634
1973-02-01,0.9546757,1.364613,0.3854394
1973-03-01,0.9915233,1.516521,0.4047275
1973-04-01,1.046419,1.768816,0.4454374
1973-05-01,1.071334,1.942801,0.4016161
1973-06-01,1.065493,2.114725,0.4678845
1973-07-01,1.080465,2.238822,0.4756689
1973-08-01,1.198018,2.389741,0.4674435
1973-09-01,1.171339,2.530408,0.5304337
1973-10-01,1.139414,2.899563,0.5262136
1973-11-01,1.280105,2.929544,0.5772948
1973-12-01,1.317751,3.092349,0.6341457
1974-01-01,1.501369,3.299463,0.6840587
1974-02-01,1.508975,3.568304,0.7441998
1974-03-01,1.70908,3.774714,0.7223606
1974-04-01,1.829052,3.836191,0.7167697
1974-05-01,2.097452,4.117632,0.7543802
1974-06-01,2.349317,4.50474,0.7286191
1974-07-01,2.574432,4.777336,0.6970167
1974-08-01,2.639771,4.988635,0.9238005
1974-09-01,2.64014,5.463421,0.8560658
1974-10-01,2.711058,5.712569,0.9484291
1974-11-01,2.680218,5.955791,0.9899378
1974-12-01,2.786779,5.985975,1.006722
1975-01-01,2.643013,6.167018,1.062286
1975-02-01,2.71219,6.129932,1.089787
1975-03-01,2.529192,5.959058,1.183951
1975-04-01,2.422965,5.800474,1.175106
1975-05-01,2.15745,5.45162,1.236355
1975-06-01,1.932061,5.096948,1.259792
1975-07-01,1.857173,4.897892,1.258397
1975-08-01,1.730299,4.581428,1.068985
1975-09-01,1.73744,4.187298,1.08223
1975-10-01,1.779926,3.913641,1.017177
1975-11-01,1.844072,3.862989,0.9396315
1975-12-01,1.788151,3.733635,1.02098
1976-01-01,1.985204,3.512824,0.9789824
1976-02-01,1.920593,3.281188,0.9695292
1976-03-01,1.919043,3.196383,0.8536339
1976-04-01,1.89904,3.14405,0.8272648
1976-05-01,1.924455,3.116,0.8827448
1976-06-01,1.960528,3.024602,0.8548975
1976-07-01,1.801562,2.987683,0.9859204
1976-08-01,1.82035,3.192222,1.003444
1976-09-01,1.922631,3.086936,1.053441
1976-10-01,1.862144,3.097332,1.096714
1976-11-01,1.899171,2.796614,1.147044
1976-12-01,1.838839,2.876568,1.069665
1977-01-01,1.687908,3.027511,1.165807
1977-02-01,1.782036,3.231156,1.088893
1977-03-01,1.838589,3.174806,1.182282
1977-04-01,1.883447,3.13338,1.284754
1977-05-01,1.851964,3.269601,1.211894
1977-06-01,1.818907,3.377855,1.332974
1977-07-01,1.952529,3.362393,1.281643
1977-08-01,2.01236,3.158927,1.333857
1977-09-01,1.942813,3.135264,1.261175
1977-10-01,2.031446,3.050983,1.247776
1977-11-01,1.9454,3.181088,1.263762
1977-12-01,1.996934,3.050768,1.311326
1978-01-01,2.088988,2.991283,1.260877
1978-02-01,1.871085,2.922499,1.310813
1978-03-01,2.02229,2.917874,1.282644
1978-04-01,2.158952,2.97308,1.243377
1978-05-01,2.250302,2.922535,1.281166
1978-06-01,2.371728,2.873492,1.1675
1978-07-01,2.387452,2.871513,1.118422
1978-08-01,2.302074,3.008556,1.110065
1978-09-01,2.350736,3.100049,1.122463
1978-10-01,2.434337,3.225207,1.161671
1978-11-01,2.431631,3.311861,1.102686
1978-12-01,2.348995,3.378558,1.001191
1979-01-01,2.233124,3.460741,0.9443045
1979-02-01,2.406955,3.423917,0.7282972
1979-03-01,2.312756,3.608394,0.6702304
1979-04-01,2.436852,3.629649,0.7684588
1979-05-01,2.755022,3.66509,0.6838202
1979-06-01,2.675378,3.614962,0.8136868
1979-07-01,2.564824,3.497827,0.9584308
1979-08-01,2.592754,3.625154,0.9357572
1979-09-01,2.711761,3.633869,0.9203672
1979-10-01,2.542496,3.794622,0.9314179
1979-11-01,2.505803,3.888559,0.9788513
1979-12-01,2.634931,4.048264,1.014221
1980-01-01,2.939403,4.01901,0.9936333
1980-02-01,3.027523,4.396009,1.236701
1980-03-01,3.090894,4.695284,1.236773
1980-04-01,2.805018,4.727435,1.107323
1980-05-01,2.487433,4.944015,1.160848
1980-06-01,2.352881,5.165148,1.187205
1980-07-01,2.457917,5.404186,1.050723
1980-08-01,2.532136,5.393565,1.044786
1980-09-01,2.582014,5.576658,1.075888
1980-10-01,2.772391,5.471468,1.076221
1980-11-01,2.911246,5.492854,1.059687
1980-12-01,2.90761,5.328774,1.106083
1981-01-01,2.716672,5.341673,1.399732
1981-02-01,2.536118,5.186439,1.462841
1981-03-01,2.453244,4.809272,1.540244
1981-04-01,2.542758,4.822278,1.573753
1981-05-01,2.535701,4.751074,1.536453
1981-06-01,2.596521,4.754841,1.306462
1981-07-01,2.605319,4.570055,1.378858
1981-08-01,2.453983,4.706573,1.342618
1981-09-01,2.15466,4.62904,1.4189
1981-10-01,1.996803,4.604089,1.374722
1981-11-01,1.951337,4.46142,1.355326
1981-12-01,1.800168,4.45534,1.276374
1982-01-01,1.871037,4.441416,0.9578228
1982-02-01,1.889479,4.18222,0.8427858
1982-03-01,1.787877,4.196584,0.809586
1982-04-01,1.592779,4.092503,0.8595347
1982-05-01,1.696491,3.879213,0.8227229
1982-06-01,1.759577,3.750515,0.8869886
1982-07-01,1.851821,3.752065,0.8364081
1982-08-01,2.003753,3.327584,0.8909941
1982-09-01,1.953876,3.200746,0.7892251
1982-10-01,2.092278,3.144383,0.7463813
1982-11-01,2.027106,2.881849,0.8623958
1982-12-01,2.050304,2.826905,0.8466959
1983-01-01,2.240908,2.700424,0.8596897
1983-02-01,2.202976,2.701879,0.8887172
1983-03-01,2.049339,2.528238,0.9085178
1983-04-01,1.850581,2.695012,0.8373141
1983-05-01,1.610911,2.522016,0.8350253
1983-06-01,1.666641,2.415657,0.8486986
1983-07-01,1.741803,2.37633,0.8052707
1983-08-01,1.669991,2.567148,0.7290125
1983-09-01,1.868033,2.430642,0.7008433
1983-10-01,1.641917,2.263474,0.6333232
1983-11-01,1.650476,2.21175,0.5267024
1983-12-01,1.553929,1.987708,0.590837
1984-01-01,1.116002,1.967657,0.6650805
1984-02-01,1.395512,1.949394,0.6243229
1984-03-01,1.715326,1.902783,0.5907416
1984-04-01,2.015901,1.789355,0.5664706
1984-05-01,2.050316,1.815069,0.5932331
1984-06-01,2.039301,1.592553,0.5899549
1984-07-01,1.911497,1.49132,0.5997539
1984-08-01,1.905429,1.277077,0.6489038
1984-09-01,1.70213,1.14193,0.7324219
1984-10-01,1.625991,1.200628,0.790596
1984-11-01,1.518846,1.32122,0.7654071
1984-12-01,1.796126,1.360679,0.7739902
1985-01-01,2.152061,1.32035,0.7081866
1985-02-01,1.921475,1.392484,0.7858515
1985-03-01,1.791453,1.507878,0.7838726
1985-04-01,1.626241,1.326013,0.7927775
1985-05-01,1.77027,1.165092,0.9371638
1985-06-01,1.652646,1.32947,0.9884596
1985-07-01,1.621878,1.250255,0.9606361
1985-08-01,1.634252,1.399744,0.9527564
1985-09-01,1.647234,1.537633,0.8565426
1985-10-01,1.503897,1.550829,0.9178877
1985-11-01,1.492155,1.596034,0.9174824
1985-12-01,1.326621,1.611102,0.9539127
1986-01-01,1.253259,1.630425,0.9952903
1986-02-01,1.248932,1.408219,0.9608388
1986-03-01,1.245189,1.339006,0.9901404
1986-04-01,1.270187,1.336277,1.031375
1986-05-01,1.141179,1.426327,0.8910537
1986-06-01,1.230037,1.387906,0.8143902
1986-07-01,1.131666,1.348674,0.8414865
1986-08-01,1.087916,1.128685,0.8238673
1986-09-01,1.177859,0.9833813,1.001787
1986-10-01,1.434112,0.9192109,0.9967804
1986-11-01,1.448047,0.8476615,1.021922
1986-12-01,1.529658,0.7534385,0.8938193
1987-01-01,1.315248,0.6310821,0.9344697
1987-02-01,1.328719,0.615561,0.8861542
1987-03-01,1.258004,0.7404327,0.824213
1987-04-01,1.338673,0.8288383,0.8993745
1987-05-01,1.347816,0.9312987,0.8989692
1987-06-01,1.26251,0.97363,0.9113789
1987-07-01,1.240468,1.018345,0.9676933
1987-08-01,1.211989,1.145458,1.002181
1987-09-01,1.260364,1.344609,0.8217454
1987-10-01,1.295483,1.454115,0.769949
1987-11-01,1.26797,1.515305,0.7290721
1987-12-01,1.20753,1.594651,0.7825494
1988-01-01,1.320124,1.726329,0.7641912
1988-02-01,1.304901,1.738918,0.759685
1988-03-01,1.45911,1.683414,0.7872581
1988-04-01,1.42746,1.896238,0.6702542
1988-05-01,1.456332,1.912761,0.6857514
1988-06-01,1.502013,1.976979,0.7235765
1988-07-01,1.620078,2.031875,0.7025599
1988-08-01,1.67346,1.963401,0.6284118
1988-09-01,1.634157,2.08323,0.6917596
1988-10-01,1.595867,2.05276,0.7135391
1988-11-01,1.699042,1.948369,0.7837772
1988-12-01,1.694322,2.017534,0.8445144
1989-01-01,1.608276,2.074826,0.9043217
1989-02-01,1.399863,2.32228,0.9192705
1989-03-01,1.168609,2.359927,0.9875536
1989-04-01,1.203322,2.148592,1.010895
1989-05-01,1.178432,2.196121,0.948
1989-06-01,1.19071,2.097213,0.8783698
1989-07-01,1.083446,2.071464,0.8615494
1989-08-01,1.03997,2.007914,0.8613706
1989-09-01,0.963819,1.933289,0.8157372
1989-10-01,0.9032607,2.020156,0.7721782
1989-11-01,0.804913,2.041686,0.836885
1989-12-01,0.7546782,2.158296,0.7233024
1990-01-01,0.8585453,2.029502,0.6290793
1990-02-01,0.9554148,2.167261,0.6280899
1990-03-01,1.209903,2.199316,0.5235672
1990-04-01,1.163113,2.209032,0.524652
1990-05-01,1.105559,2.16397,0.633347
1990-06-01,1.180184,2.169943,0.6767035
1990-07-01,1.21609,2.182913,0.6218076
1990-08-01,1.198912,2.482951,0.6184697
1990-09-01,1.231551,2.432215,0.6427288
1990-10-01,1.244605,2.393186,0.6454706
1990-11-01,1.228631,2.403998,0.5084276
1990-12-01,1.146281,2.336478,0.5125523
1991-01-01,1.026261,2.583802,0.5015969
1991-02-01,1.066947,2.298057,0.5354643
1991-03-01,0.8830786,2.14833,0.5975008
1991-04-01,0.912714,2.068222,0.5484343
1991-05-01,0.9510517,2.119696,0.5538464
1991-06-01,0.7849813,2.13778,0.5293846
1991-07-01,0.7252097,2.238226,0.5434275
1991-08-01,0.8066773,2.002478,0.5545735
1991-09-01,0.7920861,2.075768,0.5476475
1991-10-01,0.7213235,2.002156,0.5725265
1991-11-01,0.7562757,1.980102,0.6276011
1991-12-01,0.7758498,2.064276,0.6325603
1992-01-01,0.7869601,1.775718,0.6842017
1992-02-01,0.8450985,1.685381,0.7119656
1992-03-01,0.7782221,1.821983,0.6819248
1992-04-01,0.7862568,1.906586,0.7184267
1992-05-01,0.790751,1.803672,0.5558848
1992-06-01,0.8280873,1.693058,0.4939437
1992-07-01,0.8538365,1.731515,0.4991651
1992-08-01,0.8515,1.592243,0.4522324
1992-09-01,0.8874297,1.33419,0.4347086
1992-10-01,0.9975314,1.334834,0.4934072
1992-11-01,1.049018,1.365149,0.4413486
1992-12-01,1.091242,1.20014,0.5030394
1993-01-01,1.050389,1.305485,0.4552484
1993-02-01,0.9861708,1.333761,0.4106045
1993-03-01,0.9967327,1.307821,0.393641
1993-04-01,1.115477,1.165712,0.3790975
1993-05-01,1.158738,1.137567,0.5635977
1993-06-01,1.150012,1.098061,0.6281376
1993-07-01,1.110649,0.9048581,0.6939888
1993-08-01,1.033056,1.057136,0.7193327
1993-09-01,0.9670019,1.084626,0.7451057
1993-10-01,0.8926272,0.953722,0.7264495
1993-11-01,0.8680344,0.9668231,0.7774353
1993-12-01,0.9261131,0.8250713,0.716722
1994-01-01,0.9296775,0.6086349,0.7186413
1994-02-01,0.980413,0.5951762,0.7050514
1994-03-01,1.13039,0.4924178,0.7818103
1994-04-01,0.9462595,0.5594492,0.7554889
1994-05-01,0.9187818,0.5864501,0.6373405
1994-06-01,0.9175301,0.741148,0.6062269
1994-07-01,0.8892775,0.770247,0.6069183
1994-08-01,0.8917093,0.662601,0.6347537
1994-09-01,0.9280682,0.664711,0.5973101
1994-10-01,1.035905,0.6558895,0.5677938
1994-11-01,1.054144,0.5880713,0.5440712
1994-12-01,0.9646535,0.6449699,0.5668402
1995-01-01,1.062179,0.7455111,0.5352139
1995-02-01,0.895071,0.828588,0.5642891
1995-03-01,0.8013964,0.9173989,0.4724979
1995-04-01,0.9233952,0.8594036,0.4902124
1995-05-01,0.9645939,0.7678032,0.4899621
1995-06-01,0.9778619,0.62567,0.4865885
1995-07-01,0.9942532,0.6299853,0.4123449
1995-08-01,1.047575,0.7327437,0.3853202
1995-09-01,1.030982,0.7217884,0.3937364
1995-10-01,0.9904861,0.8030772,0.3603935
1995-11-01,0.9350896,0.7833838,0.3181696
1995-12-01,0.9452343,0.8544445,0.3439665
1996-01-01,0.8263111,0.8502126,0.3332138
1996-02-01,0.9474993,0.7507205,0.2805114
1996-03-01,0.9576321,0.6821156,0.327599
1996-04-01,0.8593678,0.7079005,0.3087044
1996-05-01,0.8406043,0.7151365,0.3228068
1996-06-01,0.8562207,0.6995678,0.3124118
1996-07-01,0.8815408,0.6520033,0.3673553
1996-08-01,0.8264899,0.4713178,0.4498482
1996-09-01,0.9389043,0.4672885,0.5138636
1996-10-01,0.927496,0.4030347,0.585115
1996-11-01,0.8617043,0.470376,0.6486297
1996-12-01,0.9006619,0.3941298,0.5877733
1997-01-01,0.8686304,0.3503442,0.658071
1997-02-01,0.8316278,0.3886342,0.7321358
1997-03-01,0.7815838,0.4388094,0.7388949
1997-04-01,0.8361578,0.4075408,0.7721424
1997-05-01,0.7220864,0.4541039,0.7370234
1997-06-01,0.6728292,0.5426645,0.7701159
1997-07-01,0.6944656,0.4768014,0.6942153
1997-08-01,0.7034659,0.4286587,0.6070733
1997-09-01,0.5852103,0.5113423,0.5445242
1997-10-01,0.5320311,0.5361497,0.48666
1997-11-01,0.5653501,0.4615664,0.4284024
1997-12-01,0.5667686,0.4859924,0.4172921
1998-01-01,0.6438255,0.5040646,0.368166
1998-02-01,0.628531,0.428009,0.3375053
1998-03-01,0.6797791,0.281477,0.2971768
1998-04-01,0.7126927,0.2732515,0.2595067
1998-05-01,0.7982254,0.2557039,0.2178431
1998-06-01,0.7909536,0.0198662,0.1924753
1998-07-01,0.8573294,0.1339912,0.2262354
1998-08-01,0.847578,0.3466129,0.2596855
1998-09-01,0.8978605,0.070399,0.2681255
1998-10-01,1.035774,0.013721,0.2325535
1998-11-01,1.048291,-0.0066936,0.2295256
1998-12-01,1.057053,0.0623107,0.272119
1999-01-01,0.9776354,0.0810862,0.3266931
1999-02-01,0.9267688,0.0277519,0.3142476
1999-03-01,0.8548856,0.059396,0.2821684
1999-04-01,0.874269,0.1014769,0.2968311
1999-05-01,0.795877,0.1078904,0.3676295
1999-06-01,0.777781,0.3184438,0.3470063
1999-07-01,0.7227898,0.2751231,0.3421664
1999-08-01,0.752914,0.1605392,0.2784729
1999-09-01,0.7332683,0.4703045,0.265336
1999-10-01,0.6292343,0.4772305,0.3355861
1999-11-01,0.6621242,0.5035758,0.3519177
1999-12-01,0.6596327,0.464654,0.341177
2000-01-01,0.6820202,0.4978299,0.3757954
2000-02-01,0.7325888,0.6088734,0.3920674
2000-03-01,0.8309603,0.6830215,0.3908873
2000-04-01,0.5909324,0.7535815,0.3613949
2000-05-01,0.5513787,0.7732034,0.3899574
2000-06-01,0.4963398,0.8484364,0.3918171
2000-07-01,0.4189491,0.9791255,0.3897309
2000-08-01,0.3688574,1.110995,0.3877401
2000-09-01,0.3492713,1.062328,0.4342914
2000-10-01,0.2525389,1.153111,0.4083395
2000-11-01,0.1827419,1.323366,0.3888607
2000-12-01,0.1736283,1.328063,0.365448
2001-01-01,0.1921833,1.444244,0.365448
2001-02-01,0.1678586,1.53687,0.330317
2001-03-01,0.0604987,1.496708,0.3794432
2001-04-01,0.127703,1.506734,0.4018903
2001-05-01,0.1371026,1.541328,0.2746701
2001-06-01,0.1886368,1.629865,0.2825022
2001-07-01,0.2001047,1.644206,0.2798915
2001-08-01,0.2078295,1.506495,0.3275752
2001-09-01,-0.6069243,1.578641,0.2440214
2001-10-01,-0.4546583,1.437294,0.8122563
2001-11-01,-0.369668,1.3587,0.8328795
2001-12-01,-0.4789591,1.380742,0.846827
2002-01-01,-0.4579961,1.121986,0.7678628
2002-02-01,-0.4816413,1.148593,0.7786751
2002-03-01,-0.4345179,1.124132,0.7676601
2002-04-01,-0.3566206,1.0759,0.8560181
2002-05-01,-0.3412187,1.078844,0.9263754
2002-06-01,-0.3619075,0.97996,0.9834051
2002-07-01,-0.3359675,0.889349,0.9968281
2002-08-01,-0.3088593,1.036298,0.974524
2002-09-01,0.4685998,0.9591818,1.023316
2002-10-01,0.3554821,0.9975672,0.4648566
2002-11-01,0.2926946,0.9500265,0.4693747
2002-12-01,0.3479123,0.9653568,0.4686594
2003-01-01,0.2521157,1.144421,0.3955841
2003-02-01,0.3077865,1.045787,0.3837347
2003-03-01,0.3726244,1.009774,0.4002094
2003-04-01,0.3800869,0.9494424,0.2872586
2003-05-01,0.450933,0.9239435,0.2776027
2003-06-01,0.5136609,0.8060217,0.2298713
2003-07-01,0.5401611,0.7972121,0.2586126
2003-08-01,0.4784584,0.7789731,0.2541542
2003-09-01,0.4859924,0.7359028,0.263679
2003-10-01,0.4849911,0.8654952,0.2317071
2003-11-01,0.5656838,0.8267164,0.2280831
2003-12-01,0.6020308,0.8047938,0.2432108
2004-01-01,0.6941915,0.8376122,0.3051877
2004-02-01,0.6719828,0.8481026,0.3398418
2004-03-01,0.6414652,0.9279013,0.2934575
2004-04-01,0.6058574,1.094341,0.3096461
2004-05-01,0.5987287,1.081038,0.3192902
2004-06-01,0.5876899,1.191127,0.3213882
2004-07-01,0.563097,1.117873,0.2886415
2004-08-01,0.5736709,1.024139,0.2945304
2004-09-01,0.6006598,1.07075,0.2701283
2004-10-01,0.6232381,1.041293,0.3117681
2004-11-01,0.6361723,1.100087,0.3188968
2004-12-01,0.6328344,1.091182,0.336051
2005-01-01,0.6498694,1.159489,0.3581166
2005-02-01,0.6849647,1.130712,0.3573537
2005-03-01,0.6033778,1.271141,0.3817201
2005-04-01,0.6217837,1.120567,0.3707051
2005-05-01,0.5842686,1.224673,0.3726363
2005-06-01,0.5848765,1.112092,0.3945589
2005-07-01,0.5527377,1.194024,0.3718019
2005-08-01,0.5375385,1.227772,0.3911614
2005-09-01,0.5239129,1.24836,0.4177809
2005-10-01,0.5972743,1.263642,0.4004598
2005-11-01,0.5700469,1.290262,0.4431844
2005-12-01,0.5999088,1.296568,0.3819227
2006-01-01,0.619626,1.130342,0.390172
2006-02-01,0.6685734,1.133597,0.3319502
2006-03-01,0.7184148,1.09694,0.3464103
2006-04-01,0.8178949,1.191771,0.3414035
2006-05-01,0.8337617,1.202893,0.3609657
2006-06-01,0.8269906,1.346278,0.4104733
2006-07-01,0.8670211,1.24855,0.4178286
2006-08-01,0.9160876,1.270866,0.4747629
2006-09-01,1.017594,1.157176,0.4249454
2006-10-01,1.028264,1.067007,0.3952861
2006-11-01,0.967741,1.034772,0.2782941
2006-12-01,1.031744,0.9129882,0.3673673
2007-01-01,0.9369016,1.185286,0.3745914
2007-02-01,0.9006381,1.236641,0.414896
2007-03-01,0.8847475,1.068282,0.4233956
2007-04-01,0.7713675,1.036525,0.4042149
2007-05-01,0.7672787,0.9327054,0.3794909
2007-06-01,0.776732,0.8674622,0.3465295
2007-07-01,0.7715344,0.9042621,0.3688097
2007-08-01,0.8125067,0.8835673,0.2932429
2007-09-01,0.7739425,1.021314,0.3077149
2007-10-01,0.7605553,1.068795,0.3540635
2007-11-01,0.7531643,1.120293,0.4586697
2007-12-01,0.6042719,1.367354,0.4261255
2008-01-01,0.6010652,1.198328,0.3882051
2008-02-01,0.526607,1.221991,0.3192902
2008-03-01,0.4670262,1.355135,0.3395677
2008-04-01,0.506711,1.130891,0.4376769
2008-05-01,0.5532861,1.176214,0.4087567
2008-06-01,0.5188465,1.268351,0.4169226
2008-07-01,0.4768014,1.400185,0.357759
2008-08-01,0.4015088,1.415372,0.3948092
2008-09-01,0.2817154,1.35231,0.4062176
2008-10-01,0.0927389,1.190245,0.351882
2008-11-01,-0.0032604,1.09849,0.2965212
2008-12-01,-0.0238657,0.8598566,0.306797
2009-01-01,0.0584841,0.6533027,0.2031803
2009-02-01,0.0955701,0.5213618,0.2845168
2009-03-01,0.0016689,0.5407572,0.238955
2009-04-01,-0.0341713,0.7935524,0.1942396
2009-05-01,-0.0807405,0.6729484,0.2572298
2009-06-01,-0.0803947,0.5875111,0.2409339
2009-07-01,-0.0591397,0.4423022,0.2706528
2009-08-01,-0.021708,0.4643559,0.2345324
2009-09-01,0.0548899,0.4380584,0.2637982
2009-10-01,0.2670407,0.7000446,0.3023148
2009-11-01,0.3888011,0.6668687,0.3487825
2009-12-01,0.4615903,0.7573605,0.3187537
2010-01-01,0.4598022,0.8267999,0.4260898
2010-02-01,0.4881024,0.8592963,0.3693223
2010-03-01,0.633049,0.7045507,0.4538298
2010-04-01,0.6747365,0.528717,0.4086852
2010-05-01,0.6523967,0.6345272,0.3573775
2010-06-01,0.6483197,0.5891204,0.3252983
2010-07-01,0.6018043,0.5731583,0.3023863
2010-08-01,0.5935788,0.524497,0.3068566
2010-09-01,0.548923,0.4957438,0.2555728
2010-10-01,0.4578114,0.4013777,0.2235174
2010-11-01,0.5276322,0.3991842,0.1978397
2010-12-01,0.536716,0.3248692,0.1995206
2011-01-01,0.518024,0.3889441,0.220871
2011-02-01,0.5009651,0.4871964,0.2263308
2011-03-01,0.5515456,0.4945159,0.1692057
2011-04-01,0.5290747,0.6659746,0.1999378
2011-05-01,0.5671024,0.6623983,0.2940059
2011-06-01,0.5938292,0.6558061,0.3373742
2011-07-01,0.6030679,0.7113814,0.4184484
2011-08-01,0.568223,0.8572102,0.41188
2011-09-01,0.5793452,0.8572102,0.4125595
2011-10-01,0.5795002,0.7560849,0.4100561
2011-11-01,0.5548954,0.869,0.4041076
2011-12-01,0.6079555,0.9611964,0.4046082
2012-01-01,0.7159352,0.9103298,0.4327297
2012-02-01,0.7350206,0.8146167,0.4762769
2012-03-01,0.7109404,0.8791924,0.4565001
2012-04-01,0.6375194,0.8594632,0.4733562
2012-05-01,0.6335497,0.7740021,0.4259229
2012-06-01,0.6399393,0.7799864,0.4063725
2012-07-01,0.5972147,0.8413196,0.3436685
2012-08-01,0.61028,0.6920695,0.3424883
2012-09-01,0.6600976,0.6847739,0.3554821
2012-10-01,0.6314158,0.8594275,0.4033923
2012-11-01,0.5931735,0.7732749,0.4232764
2012-12-01,0.5247474,0.7516503,0.4193068
2013-01-01,0.4239917,0.8334339,0.3398299
2013-02-01,0.389874,0.8556247,0.3180385
2013-03-01,0.3492117,0.8216023,0.3126979
2013-04-01,0.3270626,0.7858038,0.2668023
2013-05-01,0.3326654,0.832963,0.2290726
2013-06-01,0.3091931,0.8707166,0.283289
2013-07-01,0.3406405,0.8157372,0.3317952
2013-08-01,0.3578305,0.8444548,0.3310084
2013-09-01,0.3278613,0.8931279,0.3065825
2013-10-01,0.3811479,0.7789254,0.2950191
2013-11-01,0.3684759,0.8511543,0.2935648
2013-12-01,0.4178882,0.8525252,0.2751946
2014-01-01,0.3495336,0.8128762,0.2907515
2014-02-01,0.3359199,0.759995,0.2992988
2014-03-01,0.3432274,0.7876158,0.3228784
2014-04-01,0.4585385,0.7475019,0.3702044
2014-05-01,0.4173517,0.8134723,0.3983736
2014-06-01,0.4201412,0.80266,0.3478289
2014-07-01,0.5129933,0.8008718,0.3025889
2014-08-01,0.5764127,0.6740928,0.2955794
2014-09-01,0.6225109,0.6282091,0.3111362
2014-10-01,0.6383181,0.5584955,0.2817273
2014-11-01,0.6520867,0.5188107,0.2307653
2014-12-01,0.6908536,0.4617333,0.2137303
2015-01-01,0.6898403,0.32444,0.2069116
2015-02-01,0.7129788,0.3719687,0.2007127
2015-03-01,0.7460833,0.3272295,0.2144456
2015-04-01,0.7412314,0.3571272,0.2006769
2015-05-01,0.7900834,0.2646029,0.197947
2015-06-01,0.8368134,0.2335668,0.1895905
2015-07-01,0.7653117,0.2395511,0.1796007
2015-08-01,0.6965995,0.3516793,0.1775265
2015-09-01,0.6751657,0.3770232,0.1840949
2015-10-01,0.6185055,0.3884971,0.1747608
2015-11-01,0.5945683,0.3869772,0.2213478
2015-12-01,0.5281687,0.4018545,0.2682686
2016-01-01,0.5904198,0.5544901,0.2678633
2016-02-01,0.5841017,0.5937338,0.2946258
2016-03-01,0.5774021,0.6578922,0.2307534
2016-04-01,0.5524993,0.7453203,0.2307892
2016-05-01,0.5627871,0.7383227,0.2773523
2016-06-01,0.5257964,0.7710457,0.2660632
2016-07-01,0.5187631,0.8095741,0.2825975
2016-08-01,0.5254507,0.8742332,0.3094435
2016-09-01,0.4789114,0.9067178,0.3147006
2016-10-01,0.5019307,0.950706,0.3464937
2016-11-01,0.5299687,0.8766651,0.3270388
2016-12-01,0.56144,0.9029984,0.3224134
2017-01-01,0.5725145,0.9579659,0.3477931
2017-02-01,0.5714417,1.007295,0.3041625
2017-03-01,0.5768418,0.812459,0.3085136
2017-04-01,0.5506873,0.8023739,0.3079295
2017-05-01,0.4728913,0.8171082,0.2785921
2017-06-01,0.5161643,0.773263,0.3092527
2017-07-01,0.4585505,0.7806063,0.2877593
2017-08-01,0.5217433,0.7077575,0.2280235
2017-09-01,0.5627394,0.6824493,0.2016425
2017-10-01,0.5298495,0.8465171,0.1883268
2017-11-01,0.5600929,0.8220434,0.1896143
2017-12-01,0.5834341,0.8535385,0.1660943
2018-01-01,0.6049454,0.8605242,0.1909018
2018-02-01,0.6731272,0.7475972,0.2473831
2018-03-01,0.6236076,1.037002,0.2676368
2018-04-01,0.63591,1.007473,0.2548814
2018-05-01,0.726974,1.013708,0.2541065
2018-06-01,0.6901383,0.9834766,0.2761722
2018-07-01,0.755465,0.9148717,0.337708
2018-08-01,0.6571293,0.8463621,0.4052997
2018-09-01,0.6258249,0.9396911,0.4039049
2018-10-01,0.6317019,0.840342,0.4063129
2018-11-01,0.6346703,0.9987116,0.3813028
2018-12-01,0.4509449,1.148689,0.4400253
2019-01-01,0.419999987,1.059999943,0.370000005
2019-02-01,0.3499999940395355,1.100000023841858,0.2899999916553497
2019-03-01,0.449999988079071,0.8600000143051147,0.300000011920929
2019-04-01,0.5400000214576721,0.8299999833106995,0.2800000011920929
2019-05-01,0.4600000083446503,0.8700000047683716,0.25
2019-06-01,0.5,0.9399999976158142,0.25
2019-07-01,0.50999999,0.970000029,0.200000003
2019-08-01,0.4699999988079071,0.9399999976158142,0.3499999940395355
2019-09-01,0.5,0.7599999904632568,0.3899999856948853
2019-10-01,0.5,0.7400000095367432,0.4000000059604645
2019-11-01,0.4799999892711639,0.6000000238418579,0.4399999976158142
2019-12-01,0.6700000166893005,0.5,0.4000000059604645
2020-01-01,0.6899999976158142,0.5600000023841858,0.3600000143051147
2020-02-01,0.6899999976158142,0.6600000262260437,0.3499999940395355
2020-03-01,0.4099999964237213,0.7400000095367432,0.3199999928474426
2020-04-01,-0.119999997317791,0.7300000190734863,0.2899999916553497
2020-05-01,-0.1500000059604645,0.7300000190734863,0.3400000035762787
2020-06-01,-0.2000000029802322,0.7400000095367432,0.3499999940395355
2020-07-01,-0.079999998,0.86000001,0.34999999
2020-08-01,-0.09000000357627869,0.9900000095367432,0.4699999988079071
2020-09-01,-0.09000000357627869,1.0700000524520874,0.47999998927116394
2020-10-01,-0.17000000178813934,1.0700000524520874,0.49000000953674316
2020-11-01,-0.15000000596046448,1.059999942779541,0.5400000214576721
2020-12-01,-0.019999999552965164,0.9700000286102295,0.5400000214576721
2021-01-01,0.009999999776482582,0.9800000190734863,0.699999988079071
2021-02-01,-0.03999999910593033,0.8799999952316284,0.8700000047683716
2021-03-01,0.5,0.8500000238418579,0.8999999761581421
2021-04-01,1.2000000476837158,1.0099999904632568,1.0099999904632568
2021-05-01,1.409999966621399,1.1200000047683716,1.090000033378601
2021-06-01,1.5299999713897705,1.4500000476837158,0.9900000095367432
2021-07-01,1.5700000524520874,1.4299999475479126,1.0199999809265137
2021-08-01,1.600000023841858,1.590000033378601,0.8600000143051147
2021-09-01,1.559999942779541,1.6699999570846558,0.8700000047683716
2021-10-01,1.909999966621399,1.6799999475479126,0.9100000262260437
2021-11-01,2.130000114440918,1.9199999570846558,0.8999999761581421
2021-12-01,2.0899999141693115,2.200000047683716,0.9700000286102295
2022-01-01,1.9299999475479126,2.5,0.9599999785423279
2022-02-01,2.0999999046325684,2.6700000762939453,0.8500000238418579
2022-03-01,1.9600000381469727,2.809999942779541,0.8399999737739563
2022-04-01,1.840000033378601,2.640000104904175,0.8799999952316284
2022-05-01,1.809999942779541,2.5899999141693115,0.7900000214576721
2022-06-01,1.9600000381469727,2.4200000762939453,0.9200000166893005
2022-07-01,1.9800000190734863,2.1700000762939453,0.949999988079071
2022-08-01,2.069999933242798,2.2699999809265137,0.9900000095367432
2022-09-01,2.180000066757202,2.440000057220459,0.9399999976158142
2022-10-01,1.9900000095367432,2.4200000762939453,1.0099999904632568
2022-11-01,1.850000023841858,2.3499999046325684,0.9700000286102295
2022-12-01,1.7599999904632568,2.2300000190734863,0.9399999976158142
2023-01-01,2.0399999618530273,2.0899999141693115,0.7599999904632568
2023-02-01,2.0,2.0799999237060547,0.7300000190734863
2023-03-01,1.8600000143051147,2.0299999713897705,0.8500000238418579
2023-04-01,1.899999976158142,2.059999942779541,0.7699999809265137
2023-05-01,1.8600000143051147,2.0799999237060547,0.7400000095367432
2023-06-01,1.7400000095367432,1.9199999570846558,0.6700000166893005
2023-07-01,1.5499999523162842,2.0,0.7099999785423279
2023-08-01,1.399999976158142,1.7000000476837158,0.699999988079071
2023-09-01,1.309999942779541,1.5099999904632568,0.8399999737739563
2023-10-01,1.350000023841858,1.409999966621399,0.6899999976158142
2023-11-01,1.2799999713897705,1.3200000524520874,0.6800000071525574
2023-12-01,1.2699999809265137,1.2200000286102295,0.6200000047683716
2024-01-01,1.159999966621399,1.2899999618530273,0.699999988079071
2024-02-01,1.100000023841858,1.2999999523162842,0.6600000262260437
2024-03-01,1.2599999904632568,1.2200000286102295,0.6499999761581421
2024-04-01,1.100000023841858,1.2599999904632568,0.6499999761581421
2024-05-01,1.1200000047683716,1.0399999618530273,0.6299999952316284
2024-06-01,1.0299999713897705,1.0800000429153442,0.6600000262260437
2024-07-01,1.149999976158142,1.1399999856948853,0.5199999809265137
2024-08-01,1.1200000047683716,1.2000000476837158,0.5600000023841858
2024-09-01,1.340000033378601,1.0800000429153442,0.4300000071525574
2024-10-01,1.2699999809265137,1.2000000476837158,0.5199999809265137
2024-11-01,1.2799999713897705,1.1799999475479126,0.5299999713897705
2024-12-01,1.350000023841858,1.059999942779541,0.5899999737739563
2025-01-01,1.2699999809265137,0.9700000286102295,0.5400000214576721
2025-02-01,1.4299999475479126,0.9200000166893005,0.6100000143051147
2025-03-01,1.2899999618530273,0.8600000143051147,0.5299999713897705
2025-04-01,1.340000033378601,0.8100000023841858,0.46000000834465027
2025-05-01,1.2999999523162842,1.0099999904632568,0.47999998927116394
2025-06-01,1.350000023841858,0.9700000286102295,0.49000000953674316
2025-07-01,1.350000023841858,0.9900000095367432,0.5199999809265137
2025-08-01,1.4700000286102295,0.8600000143051147,0.5799999833106995
2025-09-01,1.2999999523162842,0.9300000071525574,0.5899999737739563
2025-10-01,1.2400000095367432,0.8399999737739563,0.6800000071525574
2025-11-01,1.2000000476837158,0.949999988079071,0.6800000071525574
2025-12-01,1.090000033378601,1.1799999475479126,0.6899999976158142
2026-01-01,1.2200000286102295,1.159999966621399,0.699999988079071
2026-02-01,1.100000023841858,1.2000000476837158,0.7300000190734863
2026-03-01,1.1399999856948853,1.2599999904632568,0.8399999737739563
2026-04-01,1.1299999952316284,1.2899999618530273,0.8600000143051147
